sku,status,sourceUrl,mismatchFields,nameLocal,nameMb01,modelLocal,modelMb01,categoryLocal,categoryMb01,subCategoryLocal,subCategoryMb01,priceLocal,priceMb01,parametersResult,descriptionResult,primaryImageResult,galleryImagesResult,galleryOrderResult
"011710130","Mismatch","https://mb01.vanstro.ca/product/base-cabinet-b12-252","[""variants"",""galleryImages"",""galleryOrder""]","Base Cabinet B12","Base Cabinet B12","B12-PWMS-WH","B12-PWMS-WH","Kitchen Cabinets","Kitchen Cabinets","Base Cabinet","Base Cabinet","{""amount"":302,""currency"":""CAD""}","{""amount"":302,""currency"":""CAD""}","Matched","Matched","Matched","Mismatch","Mismatch"
"011720130","Mismatch","https://mb01.vanstro.ca/product/base-cabinet-b15-253","[""galleryImages"",""galleryOrder""]","Base Cabinet B15","Base Cabinet B15","B15-PWMS-WH","B15-PWMS-WH","Kitchen Cabinets","Kitchen Cabinets","Base Cabinet","Base Cabinet","{""amount"":326,""currency"":""CAD""}","{""amount"":326,""currency"":""CAD""}","Matched","Matched","Matched","Mismatch","Mismatch"
"011730130","Mismatch","https://mb01.vanstro.ca/product/base-cabinet-b18-254","[""galleryImages"",""galleryOrder""]","Base Cabinet B18","Base Cabinet B18","B18-PWMS-WH","B18-PWMS-WH","Kitchen Cabinets","Kitchen Cabinets","Base Cabinet","Base Cabinet","{""amount"":353,""currency"":""CAD""}","{""amount"":353,""currency"":""CAD""}","Matched","Matched","Matched","Mismatch","Mismatch"
"011740130","Mismatch","https://mb01.vanstro.ca/product/base-cabinet-b21-265","[""galleryImages"",""galleryOrder""]","Base Cabinet B21","Base Cabinet B21","B21-PWMS-WH","B21-PWMS-WH","Kitchen Cabinets","Kitchen Cabinets","Base Cabinet","Base Cabinet","{""amount"":377,""currency"":""CAD""}","{""amount"":377,""currency"":""CAD""}","Matched","Matched","Matched","Mismatch","Mismatch"
"011750130","Mismatch","https://mb01.vanstro.ca/product/base-cabinet-b24-266","[""galleryImages"",""galleryOrder""]","Base Cabinet B24","Base Cabinet B24","B24-PWMS-WH","B24-PWMS-WH","Kitchen Cabinets","Kitchen Cabinets","Base Cabinet","Base Cabinet","{""amount"":414,""currency"":""CAD""}","{""amount"":414,""currency"":""CAD""}","Matched","Matched","Matched","Mismatch","Mismatch"
"011760130","Mismatch","https://mb01.vanstro.ca/product/base-cabinet-b27-267","[""galleryImages"",""galleryOrder""]","Base Cabinet B27","Base Cabinet B27","B27-PWMS-WH","B27-PWMS-WH","Kitchen Cabinets","Kitchen Cabinets","Base Cabinet","Base Cabinet","{""amount"":441,""currency"":""CAD""}","{""amount"":441,""currency"":""CAD""}","Matched","Matched","Matched","Mismatch","Mismatch"
"011770130","Mismatch","https://mb01.vanstro.ca/product/base-cabinet-b30-268","[""galleryImages"",""galleryOrder""]","Base Cabinet B30","Base Cabinet B30","B30-PWMS-WH","B30-PWMS-WH","Kitchen Cabinets","Kitchen Cabinets","Base Cabinet","Base Cabinet","{""amount"":558,""currency"":""CAD""}","{""amount"":558,""currency"":""CAD""}","Matched","Matched","Matched","Mismatch","Mismatch"
"011780130","Mismatch","https://mb01.vanstro.ca/product/base-cabinet-b33-269","[""galleryImages"",""galleryOrder""]","Base Cabinet B33","Base Cabinet B33","B33-PWMS-WH","B33-PWMS-WH","Kitchen Cabinets","Kitchen Cabinets","Base Cabinet","Base Cabinet","{""amount"":585,""currency"":""CAD""}","{""amount"":585,""currency"":""CAD""}","Matched","Matched","Matched","Mismatch","Mismatch"
"011790130","Mismatch","https://mb01.vanstro.ca/product/base-cabinet-b36-270","[""galleryImages"",""galleryOrder""]","Base Cabinet B36","Base Cabinet B36","B36-PWMS-WH","B36-PWMS-WH","Kitchen Cabinets","Kitchen Cabinets","Base Cabinet","Base Cabinet","{""amount"":612,""currency"":""CAD""}","{""amount"":612,""currency"":""CAD""}","Matched","Matched","Matched","Mismatch","Mismatch"
"011800130","Mismatch","https://mb01.vanstro.ca/product/base-cabinet-b42-271","[""galleryImages"",""galleryOrder""]","Base Cabinet B42","Base Cabinet B42","B42-PWMS-WH","B42-PWMS-WH","Kitchen Cabinets","Kitchen Cabinets","Base Cabinet","Base Cabinet","{""amount"":699,""currency"":""CAD""}","{""amount"":699,""currency"":""CAD""}","Matched","Matched","Matched","Mismatch","Mismatch"
"011950130","Mismatch","https://mb01.vanstro.ca/product/sink-base-sb30-368","[""galleryImages"",""galleryOrder""]","Sink Base SB30","Sink Base SB30","SB30-PWMS-WH","SB30-PWMS-WH","Kitchen Cabinets","Kitchen Cabinets","Sink Base","Sink Base","{""amount"":322,""currency"":""CAD""}","{""amount"":322,""currency"":""CAD""}","Matched","Matched","Matched","Mismatch","Mismatch"
"011960130","Mismatch","https://mb01.vanstro.ca/product/sink-base-sb33-369","[""galleryImages"",""galleryOrder""]","Sink Base SB33","Sink Base SB33","SB33-PWMS-WH","SB33-PWMS-WH","Kitchen Cabinets","Kitchen Cabinets","Sink Base","Sink Base","{""amount"":341,""currency"":""CAD""}","{""amount"":341,""currency"":""CAD""}","Matched","Matched","Matched","Mismatch","Mismatch"
"011970130","Mismatch","https://mb01.vanstro.ca/product/sink-base-sb36-370","[""galleryImages"",""galleryOrder""]","Sink Base SB36","Sink Base SB36","SB36-PWMS-WH","SB36-PWMS-WH","Kitchen Cabinets","Kitchen Cabinets","Sink Base","Sink Base","{""amount"":360,""currency"":""CAD""}","{""amount"":360,""currency"":""CAD""}","Matched","Matched","Matched","Mismatch","Mismatch"
"012710130","Mismatch","https://mb01.vanstro.ca/product/3-drawer-base-3db12-272","[""galleryImages"",""galleryOrder""]","3-Drawer Base 3DB12","3-Drawer Base 3DB12","3DB12-PWMS-WH","3DB12-PWMS-WH","Kitchen Cabinets","Kitchen Cabinets","3-Drawer Base","3-Drawer Base","{""amount"":467,""currency"":""CAD""}","{""amount"":467,""currency"":""CAD""}","Matched","Matched","Matched","Mismatch","Mismatch"
"012720130","Mismatch","https://mb01.vanstro.ca/product/3-drawer-base-3db15-273","[""galleryImages"",""galleryOrder""]","3-Drawer Base 3DB15","3-Drawer Base 3DB15","3DB15-PWMS-WH","3DB15-PWMS-WH","Kitchen Cabinets","Kitchen Cabinets","3-Drawer Base","3-Drawer Base","{""amount"":496,""currency"":""CAD""}","{""amount"":496,""currency"":""CAD""}","Matched","Matched","Matched","Mismatch","Mismatch"
"012730130","Mismatch","https://mb01.vanstro.ca/product/3-drawer-base-3db18-274","[""galleryImages"",""galleryOrder""]","3-Drawer Base 3DB18","3-Drawer Base 3DB18","3DB18-PWMS-WH","3DB18-PWMS-WH","Kitchen Cabinets","Kitchen Cabinets","3-Drawer Base","3-Drawer Base","{""amount"":526,""currency"":""CAD""}","{""amount"":526,""currency"":""CAD""}","Matched","Matched","Matched","Mismatch","Mismatch"
"012740130","Mismatch","https://mb01.vanstro.ca/product/3-drawer-base-3db21-275","[""galleryImages"",""galleryOrder""]","3-Drawer Base 3DB21","3-Drawer Base 3DB21","3DB21-PWMS-WH","3DB21-PWMS-WH","Kitchen Cabinets","Kitchen Cabinets","3-Drawer Base","3-Drawer Base","{""amount"":558,""currency"":""CAD""}","{""amount"":558,""currency"":""CAD""}","Matched","Matched","Matched","Mismatch","Mismatch"
"012750130","Mismatch","https://mb01.vanstro.ca/product/3-drawer-base-3db24-276","[""galleryImages"",""galleryOrder""]","3-Drawer Base 3DB24","3-Drawer Base 3DB24","3DB24-PWMS-WH","3DB24-PWMS-WH","Kitchen Cabinets","Kitchen Cabinets","3-Drawer Base","3-Drawer Base","{""amount"":590,""currency"":""CAD""}","{""amount"":590,""currency"":""CAD""}","Matched","Matched","Matched","Mismatch","Mismatch"
"012770130","Mismatch","https://mb01.vanstro.ca/product/3-drawer-base-3db30-277","[""galleryImages"",""galleryOrder""]","3-Drawer Base 3DB30","3-Drawer Base 3DB30","3DB30-PWMS-WH","3DB30-PWMS-WH","Kitchen Cabinets","Kitchen Cabinets","3-Drawer Base","3-Drawer Base","{""amount"":656,""currency"":""CAD""}","{""amount"":656,""currency"":""CAD""}","Matched","Matched","Matched","Mismatch","Mismatch"
"012780130","Mismatch","https://mb01.vanstro.ca/product/3-drawer-base-3db33-278","[""galleryImages"",""galleryOrder""]","3-Drawer Base 3DB33","3-Drawer Base 3DB33","3DB33-PWMS-WH","3DB33-PWMS-WH","Kitchen Cabinets","Kitchen Cabinets","3-Drawer Base","3-Drawer Base","{""amount"":688,""currency"":""CAD""}","{""amount"":688,""currency"":""CAD""}","Matched","Matched","Matched","Mismatch","Mismatch"
"012790130","Mismatch","https://mb01.vanstro.ca/product/3-drawer-base-3db36-279","[""galleryImages"",""galleryOrder""]","3-Drawer Base 3DB36","3-Drawer Base 3DB36","3DB36-PWMS-WH","3DB36-PWMS-WH","Kitchen Cabinets","Kitchen Cabinets","3-Drawer Base","3-Drawer Base","{""amount"":721,""currency"":""CAD""}","{""amount"":721,""currency"":""CAD""}","Matched","Matched","Matched","Mismatch","Mismatch"
"013780130","Mismatch","https://mb01.vanstro.ca/product/lazy-susan-base-lsb33-280","[""galleryImages"",""galleryOrder""]","Lazy Susan Base LSB33","Lazy Susan Base LSB33","LSB33-W-PWMS-WH","LSB33-W-PWMS-WH","Kitchen Cabinets","Kitchen Cabinets","Lazy Susan Base","Lazy Susan Base","{""amount"":804,""currency"":""CAD""}","{""amount"":804,""currency"":""CAD""}","Matched","Matched","Matched","Mismatch","Mismatch"
"013790130","Mismatch","https://mb01.vanstro.ca/product/lazy-susan-base-lsb36-281","[""galleryImages"",""galleryOrder""]","Lazy Susan Base LSB36","Lazy Susan Base LSB36","LSB36-W-PWMS-WH","LSB36-W-PWMS-WH","Kitchen Cabinets","Kitchen Cabinets","Lazy Susan Base","Lazy Susan Base","{""amount"":847,""currency"":""CAD""}","{""amount"":847,""currency"":""CAD""}","Matched","Matched","Matched","Mismatch","Mismatch"
"014700131","Mismatch","https://mb01.vanstro.ca/product/lazy-susan-base-spb9-282","[""galleryImages"",""galleryOrder""]","SPB9","SPB9","SPB9-PWMS-WH","SPB9-PWMS-WH","Kitchen Cabinets","Kitchen Cabinets","Base Cabinet","Base Cabinet","{""amount"":305,""currency"":""CAD""}","{""amount"":305,""currency"":""CAD""}","Matched","Matched","Matched","Mismatch","Mismatch"
"015010130","Mismatch","https://mb01.vanstro.ca/product/wall-cabinet-w0930-283","[""galleryImages"",""galleryOrder""]","Wall Cabinet W0930","Wall Cabinet W0930","W0930-PWMS-WH","W0930-PWMS-WH","Kitchen Cabinets","Kitchen Cabinets","Wall Cabinet","Wall Cabinet","{""amount"":126,""currency"":""CAD""}","{""amount"":126,""currency"":""CAD""}","Matched","Matched","Matched","Mismatch","Mismatch"
"015020130","Mismatch","https://mb01.vanstro.ca/product/wall-cabinet-w0936-284","[""galleryImages"",""galleryOrder""]","Wall Cabinet W0936","Wall Cabinet W0936","W0936-PWMS-WH","W0936-PWMS-WH","Kitchen Cabinets","Kitchen Cabinets","Wall Cabinet","Wall Cabinet","{""amount"":144,""currency"":""CAD""}","{""amount"":144,""currency"":""CAD""}","Matched","Matched","Matched","Mismatch","Mismatch"
"015030130","Mismatch","https://mb01.vanstro.ca/product/wall-cabinet-w0942-285","[""galleryImages"",""galleryOrder""]","Wall Cabinet W0942","Wall Cabinet W0942","W0942-PWMS-WH","W0942-PWMS-WH","Kitchen Cabinets","Kitchen Cabinets","Wall Cabinet","Wall Cabinet","{""amount"":172,""currency"":""CAD""}","{""amount"":172,""currency"":""CAD""}","Matched","Matched","Matched","Mismatch","Mismatch"
"015040130","Mismatch","https://mb01.vanstro.ca/product/wall-cabinet-w1230-286","[""galleryImages"",""galleryOrder""]","Wall Cabinet W1230","Wall Cabinet W1230","W1230-PWMS-WH","W1230-PWMS-WH","Kitchen Cabinets","Kitchen Cabinets","Wall Cabinet","Wall Cabinet","{""amount"":144,""currency"":""CAD""}","{""amount"":144,""currency"":""CAD""}","Matched","Matched","Matched","Mismatch","Mismatch"
"015050130","Mismatch","https://mb01.vanstro.ca/product/wall-cabinet-w1236-287","[""galleryImages"",""galleryOrder""]","Wall Cabinet W1236","Wall Cabinet W1236","W1236-PWMS-WH","W1236-PWMS-WH","Kitchen Cabinets","Kitchen Cabinets","Wall Cabinet","Wall Cabinet","{""amount"":164,""currency"":""CAD""}","{""amount"":164,""currency"":""CAD""}","Matched","Matched","Matched","Mismatch","Mismatch"
"015060130","Mismatch","https://mb01.vanstro.ca/product/wall-cabinet-w1242-288","[""galleryImages"",""galleryOrder""]","Wall Cabinet W1242","Wall Cabinet W1242","W1242-PWMS-WH","W1242-PWMS-WH","Kitchen Cabinets","Kitchen Cabinets","Wall Cabinet","Wall Cabinet","{""amount"":196,""currency"":""CAD""}","{""amount"":196,""currency"":""CAD""}","Matched","Matched","Matched","Mismatch","Mismatch"
"015070130","Mismatch","https://mb01.vanstro.ca/product/wall-cabinet-w1530-289","[""galleryImages"",""galleryOrder""]","Wall Cabinet W1530","Wall Cabinet W1530","W1530-PWMS-WH","W1530-PWMS-WH","Kitchen Cabinets","Kitchen Cabinets","Wall Cabinet","Wall Cabinet","{""amount"":164,""currency"":""CAD""}","{""amount"":164,""currency"":""CAD""}","Matched","Matched","Matched","Mismatch","Mismatch"
"015070330","Mismatch","https://mb01.vanstro.ca/product/wall-cabinet-gd-w1530gd-331","[""galleryImages"",""galleryOrder""]","Wall Cabinet (GD)W1530GD","Wall Cabinet (GD)W1530GD","W1530GD-PWMS-WH","W1530GD-PWMS-WH","Kitchen Cabinets","Kitchen Cabinets","Wall Cabinet (GD)","Wall Cabinet (GD)","{""amount"":177,""currency"":""CAD""}","{""amount"":177,""currency"":""CAD""}","Matched","Matched","Matched","Mismatch","Mismatch"
"015080130","Mismatch","https://mb01.vanstro.ca/product/wall-cabinet-w1536-290","[""galleryImages"",""galleryOrder""]","Wall Cabinet W1536","Wall Cabinet W1536","W1536-PWMS-WH","W1536-PWMS-WH","Kitchen Cabinets","Kitchen Cabinets","Wall Cabinet","Wall Cabinet","{""amount"":187,""currency"":""CAD""}","{""amount"":187,""currency"":""CAD""}","Matched","Matched","Matched","Mismatch","Mismatch"
"015080330","Mismatch","https://mb01.vanstro.ca/product/wall-cabinet-gd-w1536gd-332","[""galleryImages"",""galleryOrder""]","Wall Cabinet (GD)W1536GD","Wall Cabinet (GD)W1536GD","W1536GD-PWMS-WH","W1536GD-PWMS-WH","Kitchen Cabinets","Kitchen Cabinets","Wall Cabinet (GD)","Wall Cabinet (GD)","{""amount"":203,""currency"":""CAD""}","{""amount"":203,""currency"":""CAD""}","Matched","Matched","Matched","Mismatch","Mismatch"
"015090130","Mismatch","https://mb01.vanstro.ca/product/wall-cabinet-w1542-291","[""galleryImages"",""galleryOrder""]","Wall Cabinet W1542","Wall Cabinet W1542","W1542-PWMS-WH","W1542-PWMS-WH","Kitchen Cabinets","Kitchen Cabinets","Wall Cabinet","Wall Cabinet","{""amount"":223,""currency"":""CAD""}","{""amount"":223,""currency"":""CAD""}","Matched","Matched","Matched","Mismatch","Mismatch"
"015090330","Mismatch","https://mb01.vanstro.ca/product/wall-cabinet-gd-w1542gd-333","[""galleryImages"",""galleryOrder""]","Wall Cabinet (GD)W1542GD","Wall Cabinet (GD)W1542GD","W1542GD-PWMS-WH","W1542GD-PWMS-WH","Kitchen Cabinets","Kitchen Cabinets","Wall Cabinet (GD)","Wall Cabinet (GD)","{""amount"":243,""currency"":""CAD""}","{""amount"":243,""currency"":""CAD""}","Matched","Matched","Matched","Mismatch","Mismatch"
"015100130","Mismatch","https://mb01.vanstro.ca/product/wall-cabinet-w1830-292","[""galleryImages"",""galleryOrder""]","Wall Cabinet W1830","Wall Cabinet W1830","W1830-PWMS-WH","W1830-PWMS-WH","Kitchen Cabinets","Kitchen Cabinets","Wall Cabinet","Wall Cabinet","{""amount"":184,""currency"":""CAD""}","{""amount"":184,""currency"":""CAD""}","Matched","Matched","Matched","Mismatch","Mismatch"
"015100330","Mismatch","https://mb01.vanstro.ca/product/wall-cabinet-gd-w1830gd-334","[""galleryImages"",""galleryOrder""]","Wall Cabinet (GD)W1830GD","Wall Cabinet (GD)W1830GD","W1830GD-PWMS-WH","W1830GD-PWMS-WH","Kitchen Cabinets","Kitchen Cabinets","Wall Cabinet (GD)","Wall Cabinet (GD)","{""amount"":201,""currency"":""CAD""}","{""amount"":201,""currency"":""CAD""}","Matched","Matched","Matched","Mismatch","Mismatch"
"015110130","Mismatch","https://mb01.vanstro.ca/product/wall-cabinet-w1836-293","[""galleryImages"",""galleryOrder""]","Wall Cabinet W1836","Wall Cabinet W1836","W1836-PWMS-WH","W1836-PWMS-WH","Kitchen Cabinets","Kitchen Cabinets","Wall Cabinet","Wall Cabinet","{""amount"":210,""currency"":""CAD""}","{""amount"":210,""currency"":""CAD""}","Matched","Matched","Matched","Mismatch","Mismatch"
"015110330","Mismatch","https://mb01.vanstro.ca/product/wall-cabinet-gd-w1836gd-335","[""galleryImages"",""galleryOrder""]","Wall Cabinet (GD)W1836GD","Wall Cabinet (GD)W1836GD","W1836GD-PWMS-WH","W1836GD-PWMS-WH","Kitchen Cabinets","Kitchen Cabinets","Wall Cabinet (GD)","Wall Cabinet (GD)","{""amount"":231,""currency"":""CAD""}","{""amount"":231,""currency"":""CAD""}","Matched","Matched","Matched","Mismatch","Mismatch"
"015120130","Mismatch","https://mb01.vanstro.ca/product/wall-cabinet-w1842-294","[""galleryImages"",""galleryOrder""]","Wall Cabinet W1842","Wall Cabinet W1842","W1842-PWMS-WH","W1842-PWMS-WH","Kitchen Cabinets","Kitchen Cabinets","Wall Cabinet","Wall Cabinet","{""amount"":250,""currency"":""CAD""}","{""amount"":250,""currency"":""CAD""}","Matched","Matched","Matched","Mismatch","Mismatch"
"015120330","Mismatch","https://mb01.vanstro.ca/product/wall-cabinet-gd-w1842gd-336","[""galleryImages"",""galleryOrder""]","Wall Cabinet (GD)W1842GD","Wall Cabinet (GD)W1842GD","W1842GD-PWMS-WH","W1842GD-PWMS-WH","Kitchen Cabinets","Kitchen Cabinets","Wall Cabinet (GD)","Wall Cabinet (GD)","{""amount"":275,""currency"":""CAD""}","{""amount"":275,""currency"":""CAD""}","Matched","Matched","Matched","Mismatch","Mismatch"
"015130130","Mismatch","https://mb01.vanstro.ca/product/wall-cabinet-w2130-295","[""galleryImages"",""galleryOrder""]","Wall Cabinet W2130","Wall Cabinet W2130","W2130-PWMS-WH","W2130-PWMS-WH","Kitchen Cabinets","Kitchen Cabinets","Wall Cabinet","Wall Cabinet","{""amount"":204,""currency"":""CAD""}","{""amount"":204,""currency"":""CAD""}","Matched","Matched","Matched","Mismatch","Mismatch"
"015140130","Mismatch","https://mb01.vanstro.ca/product/wall-cabinet-w2136-296","[""galleryImages"",""galleryOrder""]","Wall Cabinet W2136","Wall Cabinet W2136","W2136-PWMS-WH","W2136-PWMS-WH","Kitchen Cabinets","Kitchen Cabinets","Wall Cabinet","Wall Cabinet","{""amount"":232,""currency"":""CAD""}","{""amount"":232,""currency"":""CAD""}","Matched","Matched","Matched","Mismatch","Mismatch"
"015150130","Mismatch","https://mb01.vanstro.ca/product/wall-cabinet-w2142-297","[""galleryImages"",""galleryOrder""]","Wall Cabinet W2142","Wall Cabinet W2142","W2142-PWMS-WH","W2142-PWMS-WH","Kitchen Cabinets","Kitchen Cabinets","Wall Cabinet","Wall Cabinet","{""amount"":276,""currency"":""CAD""}","{""amount"":276,""currency"":""CAD""}","Matched","Matched","Matched","Mismatch","Mismatch"
"015160130","Mismatch","https://mb01.vanstro.ca/product/wall-cabinet-w2430-298","[""galleryImages"",""galleryOrder""]","Wall Cabinet W2430","Wall Cabinet W2430","W2430-PWMS-WH","W2430-PWMS-WH","Kitchen Cabinets","Kitchen Cabinets","Wall Cabinet","Wall Cabinet","{""amount"":235,""currency"":""CAD""}","{""amount"":235,""currency"":""CAD""}","Matched","Matched","Matched","Mismatch","Mismatch"
"015160330","Mismatch","https://mb01.vanstro.ca/product/wall-cabinet-gd-w2430gd-337","[""galleryImages"",""galleryOrder""]","Wall Cabinet (GD)W2430GD","Wall Cabinet (GD)W2430GD","W2430GD-PWMS-WH","W2430GD-PWMS-WH","Kitchen Cabinets","Kitchen Cabinets","Wall Cabinet (GD)","Wall Cabinet (GD)","{""amount"":254,""currency"":""CAD""}","{""amount"":254,""currency"":""CAD""}","Matched","Matched","Matched","Mismatch","Mismatch"
"015170130","Mismatch","https://mb01.vanstro.ca/product/wall-cabinet-w2436-299","[""galleryImages"",""galleryOrder""]","Wall Cabinet W2436","Wall Cabinet W2436","W2436-PWMS-WH","W2436-PWMS-WH","Kitchen Cabinets","Kitchen Cabinets","Wall Cabinet","Wall Cabinet","{""amount"":267,""currency"":""CAD""}","{""amount"":267,""currency"":""CAD""}","Matched","Matched","Matched","Mismatch","Mismatch"
"015170330","Mismatch","https://mb01.vanstro.ca/product/wall-cabinet-gd-w2436gd-338","[""galleryImages"",""galleryOrder""]","Wall Cabinet (GD)W2436GD","Wall Cabinet (GD)W2436GD","W2436GD-PWMS-WH","W2436GD-PWMS-WH","Kitchen Cabinets","Kitchen Cabinets","Wall Cabinet (GD)","Wall Cabinet (GD)","{""amount"":290,""currency"":""CAD""}","{""amount"":290,""currency"":""CAD""}","Matched","Matched","Matched","Mismatch","Mismatch"
"015180130","Mismatch","https://mb01.vanstro.ca/product/wall-cabinet-w2442-300","[""galleryImages"",""galleryOrder""]","Wall Cabinet W2442","Wall Cabinet W2442","W2442-PWMS-WH","W2442-PWMS-WH","Kitchen Cabinets","Kitchen Cabinets","Wall Cabinet","Wall Cabinet","{""amount"":321,""currency"":""CAD""}","{""amount"":321,""currency"":""CAD""}","Matched","Matched","Matched","Mismatch","Mismatch"
"015180330","Mismatch","https://mb01.vanstro.ca/product/wall-cabinet-gd-w2442gd-339","[""galleryImages"",""galleryOrder""]","Wall Cabinet (GD)W2442GD","Wall Cabinet (GD)W2442GD","W2442GD-PWMS-WH","W2442GD-PWMS-WH","Kitchen Cabinets","Kitchen Cabinets","Wall Cabinet (GD)","Wall Cabinet (GD)","{""amount"":348,""currency"":""CAD""}","{""amount"":348,""currency"":""CAD""}","Matched","Matched","Matched","Mismatch","Mismatch"
"015190130","Mismatch","https://mb01.vanstro.ca/product/wall-cabinet-w2730-301","[""galleryImages"",""galleryOrder""]","Wall Cabinet W2730","Wall Cabinet W2730","W2730-PWMS-WH","W2730-PWMS-WH","Kitchen Cabinets","Kitchen Cabinets","Wall Cabinet","Wall Cabinet","{""amount"":255,""currency"":""CAD""}","{""amount"":255,""currency"":""CAD""}","Matched","Matched","Matched","Mismatch","Mismatch"
"015200130","Mismatch","https://mb01.vanstro.ca/product/wall-cabinet-w2736-302","[""galleryImages"",""galleryOrder""]","Wall Cabinet W2736","Wall Cabinet W2736","W2736-PWMS-WH","W2736-PWMS-WH","Kitchen Cabinets","Kitchen Cabinets","Wall Cabinet","Wall Cabinet","{""amount"":289,""currency"":""CAD""}","{""amount"":289,""currency"":""CAD""}","Matched","Matched","Matched","Mismatch","Mismatch"
"015210130","Mismatch","https://mb01.vanstro.ca/product/wall-cabinet-w2742-303","[""galleryImages"",""galleryOrder""]","Wall Cabinet W2742","Wall Cabinet W2742","W2742-PWMS-WH","W2742-PWMS-WH","Kitchen Cabinets","Kitchen Cabinets","Wall Cabinet","Wall Cabinet","{""amount"":347,""currency"":""CAD""}","{""amount"":347,""currency"":""CAD""}","Matched","Matched","Matched","Mismatch","Mismatch"
"015220130","Mismatch","https://mb01.vanstro.ca/product/wall-cabinet-w3012-304","[""galleryImages"",""galleryOrder""]","Wall Cabinet W3012","Wall Cabinet W3012","W3012-PWMS-WH","W3012-PWMS-WH","Kitchen Cabinets","Kitchen Cabinets","Wall Cabinet","Wall Cabinet","{""amount"":149,""currency"":""CAD""}","{""amount"":149,""currency"":""CAD""}","Matched","Matched","Matched","Mismatch","Mismatch"
"015230130","Mismatch","https://mb01.vanstro.ca/product/wall-cabinet-w301224-305","[""galleryImages"",""galleryOrder""]","Wall Cabinet W301224","Wall Cabinet W301224","W301224-PWMS-WH","W301224-PWMS-WH","Kitchen Cabinets","Kitchen Cabinets","Wall Cabinet","Wall Cabinet","{""amount"":213,""currency"":""CAD""}","{""amount"":213,""currency"":""CAD""}","Matched","Matched","Matched","Mismatch","Mismatch"
"015240130","Mismatch","https://mb01.vanstro.ca/product/wall-cabinet-w301524-306","[""galleryImages"",""galleryOrder""]","Wall Cabinet W301524","Wall Cabinet W301524","W301524-PWMS-WH","W301524-PWMS-WH","Kitchen Cabinets","Kitchen Cabinets","Wall Cabinet","Wall Cabinet","{""amount"":231,""currency"":""CAD""}","{""amount"":231,""currency"":""CAD""}","Matched","Matched","Matched","Mismatch","Mismatch"
"015250130","Mismatch","https://mb01.vanstro.ca/product/wall-cabinet-w3018-307","[""galleryImages"",""galleryOrder""]","Wall Cabinet W3018","Wall Cabinet W3018","W3018-PWMS-WH","W3018-PWMS-WH","Kitchen Cabinets","Kitchen Cabinets","Wall Cabinet","Wall Cabinet","{""amount"":177,""currency"":""CAD""}","{""amount"":177,""currency"":""CAD""}","Matched","Matched","Matched","Mismatch","Mismatch"
"015260130","Mismatch","https://mb01.vanstro.ca/product/wall-cabinet-w301824-308","[""galleryImages"",""galleryOrder""]","Wall Cabinet W301824","Wall Cabinet W301824","W301824-PWMS-WH","W301824-PWMS-WH","Kitchen Cabinets","Kitchen Cabinets","Wall Cabinet","Wall Cabinet","{""amount"":247,""currency"":""CAD""}","{""amount"":247,""currency"":""CAD""}","Matched","Matched","Matched","Mismatch","Mismatch"
"015270130","Mismatch","https://mb01.vanstro.ca/product/wall-cabinet-w3024-309","[""galleryImages"",""galleryOrder""]","Wall Cabinet W3024","Wall Cabinet W3024","W3024-PWMS-WH","W3024-PWMS-WH","Kitchen Cabinets","Kitchen Cabinets","Wall Cabinet","Wall Cabinet","{""amount"":226,""currency"":""CAD""}","{""amount"":226,""currency"":""CAD""}","Matched","Matched","Matched","Mismatch","Mismatch"
"015280130","Mismatch","https://mb01.vanstro.ca/product/wall-cabinet-w302424-310","[""galleryImages"",""galleryOrder""]","Wall Cabinet W302424","Wall Cabinet W302424","W302424-PWMS-WH","W302424-PWMS-WH","Kitchen Cabinets","Kitchen Cabinets","Wall Cabinet","Wall Cabinet","{""amount"":325,""currency"":""CAD""}","{""amount"":325,""currency"":""CAD""}","Matched","Matched","Matched","Mismatch","Mismatch"
"015290130","Mismatch","https://mb01.vanstro.ca/product/wall-cabinet-w3030-311","[""galleryImages"",""galleryOrder""]","Wall Cabinet W3030","Wall Cabinet W3030","W3030-PWMS-WH","W3030-PWMS-WH","Kitchen Cabinets","Kitchen Cabinets","Wall Cabinet","Wall Cabinet","{""amount"":275,""currency"":""CAD""}","{""amount"":275,""currency"":""CAD""}","Matched","Matched","Matched","Mismatch","Mismatch"
"015290330","Mismatch","https://mb01.vanstro.ca/product/wall-cabinet-gd-w3030gd-340","[""galleryImages"",""galleryOrder""]","Wall Cabinet (GD)W3030GD","Wall Cabinet (GD)W3030GD","W3030GD-PWMS-WH","W3030GD-PWMS-WH","Kitchen Cabinets","Kitchen Cabinets","Wall Cabinet (GD)","Wall Cabinet (GD)","{""amount"":302,""currency"":""CAD""}","{""amount"":302,""currency"":""CAD""}","Matched","Matched","Matched","Mismatch","Mismatch"
"015300130","Mismatch","https://mb01.vanstro.ca/product/wall-cabinet-w3036-312","[""galleryImages"",""galleryOrder""]","Wall Cabinet W3036","Wall Cabinet W3036","W3036-PWMS-WH","W3036-PWMS-WH","Kitchen Cabinets","Kitchen Cabinets","Wall Cabinet","Wall Cabinet","{""amount"":312,""currency"":""CAD""}","{""amount"":312,""currency"":""CAD""}","Matched","Matched","Matched","Mismatch","Mismatch"
"015300330","Mismatch","https://mb01.vanstro.ca/product/wall-cabinet-gd-w3036gd-341","[""galleryImages"",""galleryOrder""]","Wall Cabinet (GD)W3036GD","Wall Cabinet (GD)W3036GD","W3036GD-PWMS-WH","W3036GD-PWMS-WH","Kitchen Cabinets","Kitchen Cabinets","Wall Cabinet (GD)","Wall Cabinet (GD)","{""amount"":345,""currency"":""CAD""}","{""amount"":345,""currency"":""CAD""}","Matched","Matched","Matched","Mismatch","Mismatch"
"015310130","Mismatch","https://mb01.vanstro.ca/product/wall-cabinet-w3042-313","[""galleryImages"",""galleryOrder""]","Wall Cabinet W3042","Wall Cabinet W3042","W3042-PWMS-WH","W3042-PWMS-WH","Kitchen Cabinets","Kitchen Cabinets","Wall Cabinet","Wall Cabinet","{""amount"":374,""currency"":""CAD""}","{""amount"":374,""currency"":""CAD""}","Matched","Matched","Matched","Mismatch","Mismatch"
"015310330","Mismatch","https://mb01.vanstro.ca/product/wall-cabinet-gd-w3042gd-342","[""galleryImages"",""galleryOrder""]","Wall Cabinet (GD)W3042GD","Wall Cabinet (GD)W3042GD","W3042GD-PWMS-WH","W3042GD-PWMS-WH","Kitchen Cabinets","Kitchen Cabinets","Wall Cabinet (GD)","Wall Cabinet (GD)","{""amount"":413,""currency"":""CAD""}","{""amount"":413,""currency"":""CAD""}","Matched","Matched","Matched","Mismatch","Mismatch"
"015320130","Mismatch","https://mb01.vanstro.ca/product/wall-cabinet-w331224-314","[""galleryImages"",""galleryOrder""]","Wall Cabinet W331224","Wall Cabinet W331224","W331224-PWMS-WH","W331224-PWMS-WH","Kitchen Cabinets","Kitchen Cabinets","Wall Cabinet","Wall Cabinet","{""amount"":227,""currency"":""CAD""}","{""amount"":227,""currency"":""CAD""}","Matched","Matched","Matched","Mismatch","Mismatch"
"015330130","Mismatch","https://mb01.vanstro.ca/product/wall-cabinet-w331524-315","[""galleryImages"",""galleryOrder""]","Wall Cabinet W331524","Wall Cabinet W331524","W331524-PWMS-WH","W331524-PWMS-WH","Kitchen Cabinets","Kitchen Cabinets","Wall Cabinet","Wall Cabinet","{""amount"":246,""currency"":""CAD""}","{""amount"":246,""currency"":""CAD""}","Matched","Matched","Matched","Mismatch","Mismatch"
"015340130","Mismatch","https://mb01.vanstro.ca/product/wall-cabinet-w331824-316","[""galleryImages"",""galleryOrder""]","Wall Cabinet W331824","Wall Cabinet W331824","W331824-PWMS-WH","W331824-PWMS-WH","Kitchen Cabinets","Kitchen Cabinets","Wall Cabinet","Wall Cabinet","{""amount"":264,""currency"":""CAD""}","{""amount"":264,""currency"":""CAD""}","Matched","Matched","Matched","Mismatch","Mismatch"
"015350130","Mismatch","https://mb01.vanstro.ca/product/wall-cabinet-w3324-317","[""galleryImages"",""galleryOrder""]","Wall Cabinet W3324","Wall Cabinet W3324","W3324-PWMS-WH","W3324-PWMS-WH","Kitchen Cabinets","Kitchen Cabinets","Wall Cabinet","Wall Cabinet","{""amount"":242,""currency"":""CAD""}","{""amount"":242,""currency"":""CAD""}","Matched","Matched","Matched","Mismatch","Mismatch"
"015360130","Mismatch","https://mb01.vanstro.ca/product/wall-cabinet-w332424-318","[""galleryImages"",""galleryOrder""]","Wall Cabinet W332424","Wall Cabinet W332424","W332424-PWMS-WH","W332424-PWMS-WH","Kitchen Cabinets","Kitchen Cabinets","Wall Cabinet","Wall Cabinet","{""amount"":347,""currency"":""CAD""}","{""amount"":347,""currency"":""CAD""}","Matched","Matched","Matched","Mismatch","Mismatch"
"015370130","Mismatch","https://mb01.vanstro.ca/product/wall-cabinet-w3330-319","[""galleryImages"",""galleryOrder""]","Wall Cabinet W3330","Wall Cabinet W3330","W3330-PWMS-WH","W3330-PWMS-WH","Kitchen Cabinets","Kitchen Cabinets","Wall Cabinet","Wall Cabinet","{""amount"":295,""currency"":""CAD""}","{""amount"":295,""currency"":""CAD""}","Matched","Matched","Matched","Mismatch","Mismatch"
"015380130","Mismatch","https://mb01.vanstro.ca/product/wall-cabinet-w3336-320","[""galleryImages"",""galleryOrder""]","Wall Cabinet W3336","Wall Cabinet W3336","W3336-PWMS-WH","W3336-PWMS-WH","Kitchen Cabinets","Kitchen Cabinets","Wall Cabinet","Wall Cabinet","{""amount"":334,""currency"":""CAD""}","{""amount"":334,""currency"":""CAD""}","Matched","Matched","Matched","Mismatch","Mismatch"
"015390130","Mismatch","https://mb01.vanstro.ca/product/wall-cabinet-w3342-321","[""galleryImages"",""galleryOrder""]","Wall Cabinet W3342","Wall Cabinet W3342","W3342-PWMS-WH","W3342-PWMS-WH","Kitchen Cabinets","Kitchen Cabinets","Wall Cabinet","Wall Cabinet","{""amount"":400,""currency"":""CAD""}","{""amount"":400,""currency"":""CAD""}","Matched","Matched","Matched","Mismatch","Mismatch"
"015400130","Mismatch","https://mb01.vanstro.ca/product/wall-cabinet-w361224-322","[""galleryImages"",""galleryOrder""]","Wall Cabinet W361224","Wall Cabinet W361224","W361224-PWMS-WH","W361224-PWMS-WH","Kitchen Cabinets","Kitchen Cabinets","Wall Cabinet","Wall Cabinet","{""amount"":242,""currency"":""CAD""}","{""amount"":242,""currency"":""CAD""}","Matched","Matched","Matched","Mismatch","Mismatch"
"015410130","Mismatch","https://mb01.vanstro.ca/product/wall-cabinet-w361524-323","[""galleryImages"",""galleryOrder""]","Wall Cabinet W361524","Wall Cabinet W361524","W361524-PWMS-WH","W361524-PWMS-WH","Kitchen Cabinets","Kitchen Cabinets","Wall Cabinet","Wall Cabinet","{""amount"":262,""currency"":""CAD""}","{""amount"":262,""currency"":""CAD""}","Matched","Matched","Matched","Mismatch","Mismatch"
"015420130","Mismatch","https://mb01.vanstro.ca/product/wall-cabinet-w361824-324","[""galleryImages"",""galleryOrder""]","Wall Cabinet W361824","Wall Cabinet W361824","W361824-PWMS-WH","W361824-PWMS-WH","Kitchen Cabinets","Kitchen Cabinets","Wall Cabinet","Wall Cabinet","{""amount"":280,""currency"":""CAD""}","{""amount"":280,""currency"":""CAD""}","Matched","Matched","Matched","Mismatch","Mismatch"
"015430130","Mismatch","https://mb01.vanstro.ca/product/wall-cabinet-w3624-325","[""galleryImages"",""galleryOrder""]","Wall Cabinet W3624","Wall Cabinet W3624","W3624-PWMS-WH","W3624-PWMS-WH","Kitchen Cabinets","Kitchen Cabinets","Wall Cabinet","Wall Cabinet","{""amount"":258,""currency"":""CAD""}","{""amount"":258,""currency"":""CAD""}","Matched","Matched","Matched","Mismatch","Mismatch"
"015440130","Mismatch","https://mb01.vanstro.ca/product/wall-cabinet-w362424-326","[""galleryImages"",""galleryOrder""]","Wall Cabinet W362424","Wall Cabinet W362424","W362424-PWMS-WH","W362424-PWMS-WH","Kitchen Cabinets","Kitchen Cabinets","Wall Cabinet","Wall Cabinet","{""amount"":370,""currency"":""CAD""}","{""amount"":370,""currency"":""CAD""}","Matched","Matched","Matched","Mismatch","Mismatch"
"015450130","Mismatch","https://mb01.vanstro.ca/product/wall-cabinet-w3630-327","[""galleryImages"",""galleryOrder""]","Wall Cabinet W3630","Wall Cabinet W3630","W3630-PWMS-WH","W3630-PWMS-WH","Kitchen Cabinets","Kitchen Cabinets","Wall Cabinet","Wall Cabinet","{""amount"":315,""currency"":""CAD""}","{""amount"":315,""currency"":""CAD""}","Matched","Matched","Matched","Mismatch","Mismatch"
"015460130","Mismatch","https://mb01.vanstro.ca/product/wall-cabinet-w3636-328","[""galleryImages"",""galleryOrder""]","Wall Cabinet W3636","Wall Cabinet W3636","W3636-PWMS-WH","W3636-PWMS-WH","Kitchen Cabinets","Kitchen Cabinets","Wall Cabinet","Wall Cabinet","{""amount"":357,""currency"":""CAD""}","{""amount"":357,""currency"":""CAD""}","Matched","Matched","Matched","Mismatch","Mismatch"
"015470130","Mismatch","https://mb01.vanstro.ca/product/wall-cabinet-w3642-329","[""galleryImages"",""galleryOrder""]","Wall Cabinet W3642","Wall Cabinet W3642","W3642-PWMS-WH","W3642-PWMS-WH","Kitchen Cabinets","Kitchen Cabinets","Wall Cabinet","Wall Cabinet","{""amount"":427,""currency"":""CAD""}","{""amount"":427,""currency"":""CAD""}","Matched","Matched","Matched","Mismatch","Mismatch"
"015480130","Mismatch","https://mb01.vanstro.ca/product/wall-cabinet-w3930-330","[""galleryImages"",""galleryOrder""]","Wall Cabinet W3930","Wall Cabinet W3930","W3930-PWMS-WH","W3930-PWMS-WH","Kitchen Cabinets","Kitchen Cabinets","Wall Cabinet","Wall Cabinet","{""amount"":335,""currency"":""CAD""}","{""amount"":335,""currency"":""CAD""}","Matched","Matched","Matched","Mismatch","Mismatch"
"015490130","Mismatch","https://mb01.vanstro.ca/product/diagonal-corner-wall-dcw2430-343","[""galleryImages"",""galleryOrder""]","Diagonal Corner Wall DCW2430","Diagonal Corner Wall DCW2430","DCW2430-PWMS-WH","DCW2430-PWMS-WH","Kitchen Cabinets","Kitchen Cabinets","Diagonal Corner Wall","Diagonal Corner Wall","{""amount"":356,""currency"":""CAD""}","{""amount"":356,""currency"":""CAD""}","Matched","Matched","Matched","Mismatch","Mismatch"
"015500130","Mismatch","https://mb01.vanstro.ca/product/diagonal-corner-wall-dcw2436-344","[""galleryImages"",""galleryOrder""]","Diagonal Corner Wall DCW2436","Diagonal Corner Wall DCW2436","DCW2436-PWMS-WH","DCW2436-PWMS-WH","Kitchen Cabinets","Kitchen Cabinets","Diagonal Corner Wall","Diagonal Corner Wall","{""amount"":389,""currency"":""CAD""}","{""amount"":389,""currency"":""CAD""}","Matched","Matched","Matched","Mismatch","Mismatch"
"015510130","Mismatch","https://mb01.vanstro.ca/product/diagonal-corner-wall-dcw2442-345","[""galleryImages"",""galleryOrder""]","Diagonal Corner Wall DCW2442","Diagonal Corner Wall DCW2442","DCW2442-PWMS-WH","DCW2442-PWMS-WH","Kitchen Cabinets","Kitchen Cabinets","Diagonal Corner Wall","Diagonal Corner Wall","{""amount"":469,""currency"":""CAD""}","{""amount"":469,""currency"":""CAD""}","Matched","Matched","Matched","Mismatch","Mismatch"
"015520532","Mismatch","https://mb01.vanstro.ca/product/open-end-shelf-oe630-349","[""galleryImages"",""galleryOrder""]","Open End Shelf OE630","Open End Shelf OE630","OE630-PWMS-WH","OE630-PWMS-WH","Kitchen Cabinets","Kitchen Cabinets","Open End Shelf","Open End Shelf","{""amount"":61,""currency"":""CAD""}","{""amount"":61,""currency"":""CAD""}","Matched","Matched","Matched","Mismatch","Mismatch"
"015530532","Mismatch","https://mb01.vanstro.ca/product/open-end-shelf-oe636-350","[""galleryImages"",""galleryOrder""]","Open End Shelf OE636","Open End Shelf OE636","OE636-PWMS-WH","OE636-PWMS-WH","Kitchen Cabinets","Kitchen Cabinets","Open End Shelf","Open End Shelf","{""amount"":73,""currency"":""CAD""}","{""amount"":73,""currency"":""CAD""}","Matched","Matched","Matched","Mismatch","Mismatch"
"015540532","Mismatch","https://mb01.vanstro.ca/product/open-end-shelf-oe642-351","[""galleryImages"",""galleryOrder""]","Open End Shelf OE642","Open End Shelf OE642","OE642-PWMS-WH","OE642-PWMS-WH","Kitchen Cabinets","Kitchen Cabinets","Open End Shelf","Open End Shelf","{""amount"":82,""currency"":""CAD""}","{""amount"":82,""currency"":""CAD""}","Matched","Matched","Matched","Mismatch","Mismatch"
"016290130","Mismatch","https://mb01.vanstro.ca/product/microwave-cabinet-mo3030-346","[""galleryImages"",""galleryOrder""]","Microwave Cabinet MO3030","Microwave Cabinet MO3030","MO3030-PWMS-WH","MO3030-PWMS-WH","Kitchen Cabinets","Kitchen Cabinets","Microwave Cabinet","Microwave Cabinet","{""amount"":231,""currency"":""CAD""}","{""amount"":231,""currency"":""CAD""}","Matched","Matched","Matched","Mismatch","Mismatch"
"016300130","Mismatch","https://mb01.vanstro.ca/product/microwave-cabinet-mo3036-347","[""galleryImages"",""galleryOrder""]","Microwave Cabinet MO3036","Microwave Cabinet MO3036","MO3036-PWMS-WH","MO3036-PWMS-WH","Kitchen Cabinets","Kitchen Cabinets","Microwave Cabinet","Microwave Cabinet","{""amount"":267,""currency"":""CAD""}","{""amount"":267,""currency"":""CAD""}","Matched","Matched","Matched","Mismatch","Mismatch"
"016310130","Mismatch","https://mb01.vanstro.ca/product/microwave-cabinet-mo3042-348","[""galleryImages"",""galleryOrder""]","Microwave Cabinet MO3042","Microwave Cabinet MO3042","MO3042-PWMS-WH","MO3042-PWMS-WH","Kitchen Cabinets","Kitchen Cabinets","Microwave Cabinet","Microwave Cabinet","{""amount"":316,""currency"":""CAD""}","{""amount"":316,""currency"":""CAD""}","Matched","Matched","Matched","Mismatch","Mismatch"
"017550130","Mismatch","https://mb01.vanstro.ca/product/tall-cabinet-u188424-352","[""galleryImages"",""galleryOrder""]","Tall Cabinet U188424","Tall Cabinet U188424","U188424-PWMS-WH","U188424-PWMS-WH","Kitchen Cabinets","Kitchen Cabinets","Tall Cabinet","Tall Cabinet","{""amount"":669,""currency"":""CAD""}","{""amount"":669,""currency"":""CAD""}","Matched","Matched","Matched","Mismatch","Mismatch"
"017560130","Mismatch","https://mb01.vanstro.ca/product/tall-cabinet-u189024-353","[""galleryImages"",""galleryOrder""]","Tall Cabinet U189024","Tall Cabinet U189024","U189024-PWMS-WH","U189024-PWMS-WH","Kitchen Cabinets","Kitchen Cabinets","Tall Cabinet","Tall Cabinet","{""amount"":699,""currency"":""CAD""}","{""amount"":699,""currency"":""CAD""}","Matched","Matched","Matched","Mismatch","Mismatch"
"017570130","Mismatch","https://mb01.vanstro.ca/product/tall-cabinet-u189624-354","[""galleryImages"",""galleryOrder""]","Tall Cabinet U189624","Tall Cabinet U189624","U189624-PWMS-WH","U189624-PWMS-WH","Kitchen Cabinets","Kitchen Cabinets","Tall Cabinet","Tall Cabinet","{""amount"":759,""currency"":""CAD""}","{""amount"":759,""currency"":""CAD""}","Matched","Matched","Matched","Mismatch","Mismatch"
"017580130","Mismatch","https://mb01.vanstro.ca/product/tall-cabinet-u248424-355","[""galleryImages"",""galleryOrder""]","Tall Cabinet U248424","Tall Cabinet U248424","U248424-PWMS-WH","U248424-PWMS-WH","Kitchen Cabinets","Kitchen Cabinets","Tall Cabinet","Tall Cabinet","{""amount"":821,""currency"":""CAD""}","{""amount"":821,""currency"":""CAD""}","Matched","Matched","Matched","Mismatch","Mismatch"
"017590130","Mismatch","https://mb01.vanstro.ca/product/tall-cabinet-u249024-356","[""galleryImages"",""galleryOrder""]","Tall Cabinet U249024","Tall Cabinet U249024","U249024-PWMS-WH","U249024-PWMS-WH","Kitchen Cabinets","Kitchen Cabinets","Tall Cabinet","Tall Cabinet","{""amount"":855,""currency"":""CAD""}","{""amount"":855,""currency"":""CAD""}","Matched","Matched","Matched","Mismatch","Mismatch"
"017600130","Mismatch","https://mb01.vanstro.ca/product/tall-cabinet-u249624-357","[""galleryImages"",""galleryOrder""]","Tall Cabinet U249624","Tall Cabinet U249624","U249624-PWMS-WH","U249624-PWMS-WH","Kitchen Cabinets","Kitchen Cabinets","Tall Cabinet","Tall Cabinet","{""amount"":933,""currency"":""CAD""}","{""amount"":933,""currency"":""CAD""}","Matched","Matched","Matched","Mismatch","Mismatch"
"017610130","Mismatch","https://mb01.vanstro.ca/product/tall-cabinet-u308424-358","[""galleryImages"",""galleryOrder""]","Tall Cabinet U308424","Tall Cabinet U308424","U308424-PWMS-WH","U308424-PWMS-WH","Kitchen Cabinets","Kitchen Cabinets","Tall Cabinet","Tall Cabinet","{""amount"":949,""currency"":""CAD""}","{""amount"":949,""currency"":""CAD""}","Matched","Matched","Matched","Mismatch","Mismatch"
"017620130","Mismatch","https://mb01.vanstro.ca/product/tall-cabinet-u309024-359","[""galleryImages"",""galleryOrder""]","Tall Cabinet U309024","Tall Cabinet U309024","U309024-PWMS-WH","U309024-PWMS-WH","Kitchen Cabinets","Kitchen Cabinets","Tall Cabinet","Tall Cabinet","{""amount"":986,""currency"":""CAD""}","{""amount"":986,""currency"":""CAD""}","Matched","Matched","Matched","Mismatch","Mismatch"
"017630130","Mismatch","https://mb01.vanstro.ca/product/tall-cabinet-u309624-360","[""galleryImages"",""galleryOrder""]","Tall Cabinet U309624","Tall Cabinet U309624","U309624-PWMS-WH","U309624-PWMS-WH","Kitchen Cabinets","Kitchen Cabinets","Tall Cabinet","Tall Cabinet","{""amount"":1077,""currency"":""CAD""}","{""amount"":1077,""currency"":""CAD""}","Matched","Matched","Matched","Mismatch","Mismatch"
"017640130","Mismatch","https://mb01.vanstro.ca/product/oven-tall-cabinet-o308424-361","[""galleryImages"",""galleryOrder""]","Oven Tall Cabinet O308424","Oven Tall Cabinet O308424","O308424-PWMS-WH","O308424-PWMS-WH","Kitchen Cabinets","Kitchen Cabinets","Oven Tall Cabinet","Oven Tall Cabinet","{""amount"":1045,""currency"":""CAD""}","{""amount"":1045,""currency"":""CAD""}","Matched","Matched","Matched","Mismatch","Mismatch"
"017650130","Mismatch","https://mb01.vanstro.ca/product/oven-tall-cabinet-o309024-362","[""galleryImages"",""galleryOrder""]","Oven Tall Cabinet O309024","Oven Tall Cabinet O309024","O309024-PWMS-WH","O309024-PWMS-WH","Kitchen Cabinets","Kitchen Cabinets","Oven Tall Cabinet","Oven Tall Cabinet","{""amount"":1123,""currency"":""CAD""}","{""amount"":1123,""currency"":""CAD""}","Matched","Matched","Matched","Mismatch","Mismatch"
"017660130","Mismatch","https://mb01.vanstro.ca/product/oven-tall-cabinet-o309624-363","[""galleryImages"",""galleryOrder""]","Oven Tall Cabinet O309624","Oven Tall Cabinet O309624","O309624-PWMS-WH","O309624-PWMS-WH","Kitchen Cabinets","Kitchen Cabinets","Oven Tall Cabinet","Oven Tall Cabinet","{""amount"":1200,""currency"":""CAD""}","{""amount"":1200,""currency"":""CAD""}","Matched","Matched","Matched","Mismatch","Mismatch"
"017670130","Mismatch","https://mb01.vanstro.ca/product/oven-tall-cabinet-o338424-364","[""galleryImages"",""galleryOrder""]","Oven Tall Cabinet O338424","Oven Tall Cabinet O338424","O338424-PWMS-WH","O338424-PWMS-WH","Kitchen Cabinets","Kitchen Cabinets","Oven Tall Cabinet","Oven Tall Cabinet","{""amount"":1100,""currency"":""CAD""}","{""amount"":1100,""currency"":""CAD""}","Matched","Matched","Matched","Mismatch","Mismatch"
"017680130","Mismatch","https://mb01.vanstro.ca/product/oven-tall-cabinet-o339024-365","[""galleryImages"",""galleryOrder""]","Oven Tall Cabinet O339024","Oven Tall Cabinet O339024","O339024-PWMS-WH","O339024-PWMS-WH","Kitchen Cabinets","Kitchen Cabinets","Oven Tall Cabinet","Oven Tall Cabinet","{""amount"":1183,""currency"":""CAD""}","{""amount"":1183,""currency"":""CAD""}","Matched","Matched","Matched","Mismatch","Mismatch"
"017690130","Mismatch","https://mb01.vanstro.ca/product/tall-cabinet-o339624-366","[""galleryImages"",""galleryOrder""]","Oven Tall Cabinet O339624","Oven Tall Cabinet O339624","O339624-PWMS-WH","O339624-PWMS-WH","Kitchen Cabinets","Kitchen Cabinets","Oven Tall Cabinet","Oven Tall Cabinet","{""amount"":1267,""currency"":""CAD""}","{""amount"":1267,""currency"":""CAD""}","Matched","Matched","Matched","Mismatch","Mismatch"
"018810742","Mismatch","https://mb01.vanstro.ca/product/filler-f342-373","[""galleryImages"",""galleryOrder""]","Filler F342","Filler F342","F342-MS-WH","F342-MS-WH","Kitchen Cabinets","Kitchen Cabinets","Accessories","Accessories","{""amount"":10,""currency"":""CAD""}","{""amount"":10,""currency"":""CAD""}","Matched","Matched","Matched","Mismatch","Mismatch"
"018820742","Mismatch","https://mb01.vanstro.ca/product/tall-filler-f396-375","[""galleryImages"",""galleryOrder""]","Tall Filler F396","Tall Filler F396","F396-MS-WH","F396-MS-WH","Kitchen Cabinets","Kitchen Cabinets","Accessories","Accessories","{""amount"":24,""currency"":""CAD""}","{""amount"":24,""currency"":""CAD""}","Matched","Matched","Matched","Mismatch","Mismatch"
"018830742","Mismatch","https://mb01.vanstro.ca/product/filler-f642-374","[""galleryImages"",""galleryOrder""]","Filler F642","Filler F642","F642-MS-WH","F642-MS-WH","Kitchen Cabinets","Kitchen Cabinets","Accessories","Accessories","{""amount"":21,""currency"":""CAD""}","{""amount"":21,""currency"":""CAD""}","Matched","Matched","Matched","Mismatch","Mismatch"
"018840742","Mismatch","https://mb01.vanstro.ca/product/tall-filler-f696-376","[""galleryImages"",""galleryOrder""]","Tall Filler F696","Tall Filler F696","F696-MS-WH","F696-MS-WH","Kitchen Cabinets","Kitchen Cabinets","Accessories","Accessories","{""amount"":49,""currency"":""CAD""}","{""amount"":49,""currency"":""CAD""}","Matched","Matched","Matched","Mismatch","Mismatch"
"018850942","Mismatch","https://mb01.vanstro.ca/product/base-end-panel-vep2230-380","[""galleryImages"",""galleryOrder""]","Base End Panel VEP2230","Base End Panel VEP2230","VEP2230-MS-WH","VEP2230-MS-WH","Kitchen Cabinets","Kitchen Cabinets","Accessories","Accessories","{""amount"":54,""currency"":""CAD""}","{""amount"":54,""currency"":""CAD""}","Matched","Matched","Matched","Mismatch","Mismatch"
"018860942","Mismatch","https://mb01.vanstro.ca/product/base-end-panel-bep2535-381","[""galleryImages"",""galleryOrder""]","Base End Panel BEP2535","Base End Panel BEP2535","BEP2535-MS-WH","BEP2535-MS-WH","Kitchen Cabinets","Kitchen Cabinets","Accessories","Accessories","{""amount"":71,""currency"":""CAD""}","{""amount"":71,""currency"":""CAD""}","Matched","Matched","Matched","Mismatch","Mismatch"
"018870942","Mismatch","https://mb01.vanstro.ca/product/tall-end-panel-tep2596-382","[""galleryImages"",""galleryOrder""]","Tall End Panel TEP2596","Tall End Panel TEP2596","TEP2596-MS-WH","TEP2596-MS-WH","Kitchen Cabinets","Kitchen Cabinets","Accessories","Accessories","{""amount"":197,""currency"":""CAD""}","{""amount"":197,""currency"":""CAD""}","Matched","Matched","Matched","Mismatch","Mismatch"
"018880942","Mismatch","https://mb01.vanstro.ca/product/tall-end-panel-tep3596-383","[""galleryImages"",""galleryOrder""]","Tall End Panel TEP3596","Tall End Panel TEP3596","TEP3596-MS-WH","TEP3596-MS-WH","Kitchen Cabinets","Kitchen Cabinets","Accessories","Accessories","{""amount"":276,""currency"":""CAD""}","{""amount"":276,""currency"":""CAD""}","Matched","Matched","Matched","Mismatch","Mismatch"
"018910942","Mismatch","https://mb01.vanstro.ca/product/wall-end-panel-wep1230-377","[""galleryImages"",""galleryOrder""]","Wall End Panel WEP1230","Wall End Panel WEP1230","WEP1230-MS-WH","WEP1230-MS-WH","Kitchen Cabinets","Kitchen Cabinets","Accessories","Accessories","{""amount"":31,""currency"":""CAD""}","{""amount"":31,""currency"":""CAD""}","Matched","Matched","Matched","Mismatch","Mismatch"
"018920942","Mismatch","https://mb01.vanstro.ca/product/wall-end-panel-wep1236-378","[""galleryImages"",""galleryOrder""]","Wall End Panel WEP1236","Wall End Panel WEP1236","WEP1236-MS-WH","WEP1236-MS-WH","Kitchen Cabinets","Kitchen Cabinets","Accessories","Accessories","{""amount"":37,""currency"":""CAD""}","{""amount"":37,""currency"":""CAD""}","Matched","Matched","Matched","Mismatch","Mismatch"
"018930942","Mismatch","https://mb01.vanstro.ca/product/wall-end-panel-wep1242-379","[""galleryImages"",""galleryOrder""]","Wall End Panel WEP1242","Wall End Panel WEP1242","WEP1242-MS-WH","WEP1242-MS-WH","Kitchen Cabinets","Kitchen Cabinets","Accessories","Accessories","{""amount"":44,""currency"":""CAD""}","{""amount"":44,""currency"":""CAD""}","Matched","Matched","Matched","Mismatch","Mismatch"
"019890142","Mismatch","https://mb01.vanstro.ca/product/toe-kick-tkc-ms-371","[""galleryImages"",""galleryOrder""]","Toe Kick TKC-MS","Toe Kick TKC-MS","TKC-MS-WH","TKC-MS-WH","Kitchen Cabinets","Kitchen Cabinets","Accessories","Accessories","{""amount"":36,""currency"":""CAD""}","{""amount"":36,""currency"":""CAD""}","Matched","Matched","Matched","Mismatch","Mismatch"
"019900142","Mismatch","https://mb01.vanstro.ca/product/decorative-moulding-bcm8-dcm-372","[""galleryImages"",""galleryOrder""]","Decorative Moulding BCM8(DCM)","Decorative Moulding BCM8(DCM)","BCM8(DCM)-MS-WH","BCM8(DCM)-MS-WH","Kitchen Cabinets","Kitchen Cabinets","Accessories","Accessories","{""amount"":169,""currency"":""CAD""}","{""amount"":169,""currency"":""CAD""}","Matched","Matched","Matched","Mismatch","Mismatch"
"022421011","Mismatch","https://mb01.vanstro.ca/product/vanity-cabinet-vs24-384","[""variants"",""galleryImages"",""galleryOrder""]","Vanity Cabinet-VS24","Vanity Cabinet-VS24","VS24-PWMS-WH-TOP","VS24-PWMS-WH-TOP","Bathroom Vanities","Bathroom Vanities","Bathroom Vanities","Bathroom Vanities","{""amount"":361,""currency"":""CAD""}","{""amount"":361,""currency"":""CAD""}","Matched","Matched","Matched","Mismatch","Mismatch"
"022721011","Mismatch","https://mb01.vanstro.ca/product/vanity-cabinet-vs27-404","[""variants"",""galleryImages"",""galleryOrder""]","Vanity Cabinet-VS27","Vanity Cabinet-VS27","VS27-PWMS-WH-TOP","VS27-PWMS-WH-TOP","Bathroom Vanities","Bathroom Vanities","Bathroom Vanities","Bathroom Vanities","{""amount"":387,""currency"":""CAD""}","{""amount"":387,""currency"":""CAD""}","Matched","Matched","Matched","Mismatch","Mismatch"
"023021011","Mismatch","https://mb01.vanstro.ca/product/vanity-cabinet-vs30-405","[""variants"",""galleryImages"",""galleryOrder""]","Vanity Cabinet-VS30","Vanity Cabinet-VS30","VS30-PWMS-WH-TOP","VS30-PWMS-WH-TOP","Bathroom Vanities","Bathroom Vanities","Bathroom Vanities","Bathroom Vanities","{""amount"":404,""currency"":""CAD""}","{""amount"":404,""currency"":""CAD""}","Matched","Matched","Matched","Mismatch","Mismatch"
"023021211","Mismatch","https://mb01.vanstro.ca/product/vanity-cabinet-v3021-door-tdr-398","[""variants"",""galleryImages"",""galleryOrder""]","Vanity Cabinet-V3021-Door-TDR","Vanity Cabinet-V3021-Door-TDR","V3021STDR-PWMS-WH-TOP","V3021STDR-PWMS-WH-TOP","Bathroom Vanities","Bathroom Vanities","Bathroom Vanities","Bathroom Vanities","{""amount"":538,""currency"":""CAD""}","{""amount"":538,""currency"":""CAD""}","Matched","Matched","Matched","Mismatch","Mismatch"
"023021311","Mismatch","https://mb01.vanstro.ca/product/vanity-cabinet-v3021-door-tdl-400","[""variants"",""galleryImages"",""galleryOrder""]","Vanity Cabinet-V3021-Door-TDL","Vanity Cabinet-V3021-Door-TDL","V3021STDL-PWMS-WH-TOP","V3021STDL-PWMS-WH-TOP","Bathroom Vanities","Bathroom Vanities","Bathroom Vanities","Bathroom Vanities","{""amount"":538,""currency"":""CAD""}","{""amount"":538,""currency"":""CAD""}","Matched","Matched","Matched","Mismatch","Mismatch"
"023021411","Mismatch","https://mb01.vanstro.ca/product/vanity-cabinet-v3021-doors-tdr-414","[""variants"",""galleryImages"",""galleryOrder""]","Vanity Cabinet-V3021-Doors-TDR","Vanity Cabinet-V3021-Doors-TDR","V3021TDR-PWMS-WH-TOP","V3021TDR-PWMS-WH-TOP","Bathroom Vanities","Bathroom Vanities","Bathroom Vanities","Bathroom Vanities","{""amount"":554,""currency"":""CAD""}","{""amount"":554,""currency"":""CAD""}","Matched","Matched","Matched","Mismatch","Mismatch"
"023021511","Mismatch","https://mb01.vanstro.ca/product/vanity-cabinet-v3021-doors-tdl-415","[""variants"",""galleryImages"",""galleryOrder""]","Vanity Cabinet-V3021-Doors-TDL","Vanity Cabinet-V3021-Doors-TDL","V3021TDL-PWMS-WH-TOP","V3021TDL-PWMS-WH-TOP","Bathroom Vanities","Bathroom Vanities","Bathroom Vanities","Bathroom Vanities","{""amount"":554,""currency"":""CAD""}","{""amount"":554,""currency"":""CAD""}","Matched","Matched","Matched","Mismatch","Mismatch"
"023621011","Mismatch","https://mb01.vanstro.ca/product/vanity-cabinet-vs36-406","[""variants"",""galleryImages"",""galleryOrder""]","Vanity Cabinet-VS36","Vanity Cabinet-VS36","VS36-PWMS-WH-TOP","VS36-PWMS-WH-TOP","Bathroom Vanities","Bathroom Vanities","Bathroom Vanities","Bathroom Vanities","{""amount"":437,""currency"":""CAD""}","{""amount"":437,""currency"":""CAD""}","Matched","Matched","Matched","Mismatch","Mismatch"
"023621411","Mismatch","https://mb01.vanstro.ca/product/vanity-cabinet-v3621tdr-413","[""variants"",""galleryImages"",""galleryOrder""]","Vanity Cabinet-V3621TDR","Vanity Cabinet-V3621TDR","V3621TDR-PWMS-WH-TOP","V3621TDR-PWMS-WH-TOP","Bathroom Vanities","Bathroom Vanities","Bathroom Vanities","Bathroom Vanities","{""amount"":589,""currency"":""CAD""}","{""amount"":589,""currency"":""CAD""}","Matched","Matched","Matched","Mismatch","Mismatch"
"023621511","Mismatch","https://mb01.vanstro.ca/product/vanity-cabinet-v3621tdl-412","[""variants"",""galleryImages"",""galleryOrder""]","Vanity Cabinet-V3621TDL","Vanity Cabinet-V3621TDL","V3621TDL-PWMS-WH-TOP","V3621TDL-PWMS-WH-TOP","Bathroom Vanities","Bathroom Vanities","Bathroom Vanities","Bathroom Vanities","{""amount"":589,""currency"":""CAD""}","{""amount"":589,""currency"":""CAD""}","Matched","Matched","Matched","Mismatch","Mismatch"
"024221611","Mismatch","https://mb01.vanstro.ca/product/vanity-cabinet-v4221-401","[""variants"",""galleryImages"",""galleryOrder""]","Vanity Cabinet-V4221","Vanity Cabinet-V4221","V4221-PWMS-WH-TOP","V4221-PWMS-WH-TOP","Bathroom Vanities","Bathroom Vanities","Bathroom Vanities","Bathroom Vanities","{""amount"":804,""currency"":""CAD""}","{""amount"":804,""currency"":""CAD""}","Matched","Matched","Matched","Mismatch","Mismatch"
"024821611","Mismatch","https://mb01.vanstro.ca/product/vanity-cabinet-v4821-402","[""variants"",""galleryImages"",""galleryOrder""]","Vanity Cabinet-V4821","Vanity Cabinet-V4821","V4821-PWMS-WH-TOP","V4821-PWMS-WH-TOP","Bathroom Vanities","Bathroom Vanities","Bathroom Vanities","Bathroom Vanities","{""amount"":845,""currency"":""CAD""}","{""amount"":845,""currency"":""CAD""}","Matched","Matched","Matched","Mismatch","Mismatch"
"026621711","Mismatch","https://mb01.vanstro.ca/product/vanity-cabinet-v663522-403","[""variants"",""galleryImages"",""galleryOrder""]","Vanity Cabinet-V663522","Vanity Cabinet-V663522","V663522-PWMS-WH-TOP","V663522-PWMS-WH-TOP","Bathroom Vanities","Bathroom Vanities","Bathroom Vanities","Bathroom Vanities","{""amount"":1214,""currency"":""CAD""}","{""amount"":1214,""currency"":""CAD""}","Matched","Matched","Matched","Mismatch","Mismatch"
"033516222","Matched","https://mb01.vanstro.ca/product/baseboard-035-410","[]","Baseboard-035","Baseboard-035","VS35-10FT /ea","VS35-10FT /ea","Baseboards & Mouldings","Baseboards & Mouldings","Baseboard","Baseboard","{""amount"":18.5,""currency"":""CAD""}","{""amount"":18.5,""currency"":""CAD""}","Matched","Matched","Matched","Matched","Matched"
"033918222","Matched","https://mb01.vanstro.ca/product/baseboard-039-409","[]","Baseboard-039","Baseboard-039","VS39-10FT /ea","VS39-10FT /ea","Baseboards & Mouldings","Baseboards & Mouldings","Baseboard","Baseboard","{""amount"":22.9,""currency"":""CAD""}","{""amount"":22.9,""currency"":""CAD""}","Matched","Matched","Matched","Matched","Matched"
"034114222","Matched","https://mb01.vanstro.ca/product/baseboard-041-407","[]","Baseboard-041","Baseboard-041","VS41-10FT /ea","VS41-10FT /ea","Baseboards & Mouldings","Baseboards & Mouldings","Baseboard","Baseboard","{""amount"":14.7,""currency"":""CAD""}","{""amount"":14.7,""currency"":""CAD""}","Matched","Matched","Matched","Matched","Matched"
"034910320","Matched","https://mb01.vanstro.ca/product/casing-049-411","[]","Casing-049","Casing-049","VS49-7FT /ea","VS49-7FT /ea","Baseboards & Mouldings","Baseboards & Mouldings","Casing","Casing","{""amount"":23.6,""currency"":""CAD""}","{""amount"":23.6,""currency"":""CAD""}","Matched","Matched","Matched","Matched","Matched"
"060101111","Mismatch","https://mb01.vanstro.ca/product/CTC-96mm","[""name"",""subCategory"",""parametersSpecifications"",""description"",""highlights"",""primaryImage"",""galleryImages"",""galleryOrder""]","Cabinet Pulls","Handle CTC-96mm","CTC[96mm]","CTC[96mm]","Kitchen Cabinets","Kitchen Cabinets","Accessories","Handle series","{""amount"":5.99,""currency"":""CAD""}","{""amount"":5.99,""currency"":""CAD""}","Mismatch","Mismatch","Mismatch","Mismatch","Mismatch"
"060102411","Missing Locally","https://mb01.vanstro.ca/product/CTC-192mm","[]","null","null","null","null","null","null","null","null","null","null","null","null","null","null","null"
