sku,parentSku,status,sourceUrl,mismatchFields,modelLocal,modelMb01,priceLocal,priceMb01,parametersResult,descriptionResult,primaryImageResult,galleryImagesResult,galleryOrderResult
"011710130","011710130","Mismatch","https://mb01.vanstro.ca/product/base-cabinet-b12-252","[""galleryImages"",""galleryOrder""]","B12-PWMS-WH","B12-PWMS-WH","{""amount"":302,""currency"":""CAD""}","{""amount"":302,""currency"":""CAD""}","Matched","Matched","Matched","Mismatch","Mismatch"
"011710230","011710130","Mismatch","https://mb01.vanstro.ca/product/base-cabinet-b12-252","[""galleryImages"",""galleryOrder"",""parametersSpecifications""]","B12-PWMS-LG","B12-PWMS-LG","{""amount"":302,""currency"":""CAD""}","{""amount"":302,""currency"":""CAD""}","Mismatch","Matched","Matched","Mismatch","Mismatch"
"011720130","011720130","Mismatch","https://mb01.vanstro.ca/product/base-cabinet-b15-253","[""galleryImages"",""galleryOrder""]","B15-PWMS-WH","B15-PWMS-WH","{""amount"":326,""currency"":""CAD""}","{""amount"":326,""currency"":""CAD""}","Matched","Matched","Matched","Mismatch","Mismatch"
"011720230","011720130","Mismatch","https://mb01.vanstro.ca/product/base-cabinet-b15-253","[""galleryImages"",""galleryOrder"",""parametersSpecifications""]","B15-PWMS-LG","B15-PWMS-LG","{""amount"":326,""currency"":""CAD""}","{""amount"":326,""currency"":""CAD""}","Mismatch","Matched","Matched","Mismatch","Mismatch"
"011730130","011730130","Mismatch","https://mb01.vanstro.ca/product/base-cabinet-b18-254","[""galleryImages"",""galleryOrder""]","B18-PWMS-WH","B18-PWMS-WH","{""amount"":353,""currency"":""CAD""}","{""amount"":353,""currency"":""CAD""}","Matched","Matched","Matched","Mismatch","Mismatch"
"011730230","011730130","Mismatch","https://mb01.vanstro.ca/product/base-cabinet-b18-254","[""galleryImages"",""galleryOrder"",""parametersSpecifications""]","B18-PWMS-LG","B18-PWMS-LG","{""amount"":353,""currency"":""CAD""}","{""amount"":353,""currency"":""CAD""}","Mismatch","Matched","Matched","Mismatch","Mismatch"
"011740130","011740130","Mismatch","https://mb01.vanstro.ca/product/base-cabinet-b21-265","[""galleryImages"",""galleryOrder""]","B21-PWMS-WH","B21-PWMS-WH","{""amount"":377,""currency"":""CAD""}","{""amount"":377,""currency"":""CAD""}","Matched","Matched","Matched","Mismatch","Mismatch"
"011740230","011740130","Mismatch","https://mb01.vanstro.ca/product/base-cabinet-b21-265","[""galleryImages"",""galleryOrder"",""parametersSpecifications""]","B21-PWMS-LG","B21-PWMS-LG","{""amount"":377,""currency"":""CAD""}","{""amount"":377,""currency"":""CAD""}","Mismatch","Matched","Matched","Mismatch","Mismatch"
"011750130","011750130","Mismatch","https://mb01.vanstro.ca/product/base-cabinet-b24-266","[""galleryImages"",""galleryOrder""]","B24-PWMS-WH","B24-PWMS-WH","{""amount"":414,""currency"":""CAD""}","{""amount"":414,""currency"":""CAD""}","Matched","Matched","Matched","Mismatch","Mismatch"
"011750230","011750130","Mismatch","https://mb01.vanstro.ca/product/base-cabinet-b24-266","[""galleryImages"",""galleryOrder"",""parametersSpecifications""]","B24-PWMS-LG","B24-PWMS-LG","{""amount"":414,""currency"":""CAD""}","{""amount"":414,""currency"":""CAD""}","Mismatch","Matched","Matched","Mismatch","Mismatch"
"011760130","011760130","Mismatch","https://mb01.vanstro.ca/product/base-cabinet-b27-267","[""galleryImages"",""galleryOrder""]","B27-PWMS-WH","B27-PWMS-WH","{""amount"":441,""currency"":""CAD""}","{""amount"":441,""currency"":""CAD""}","Matched","Matched","Matched","Mismatch","Mismatch"
"011760230","011760130","Mismatch","https://mb01.vanstro.ca/product/base-cabinet-b27-267","[""galleryImages"",""galleryOrder"",""parametersSpecifications""]","B27-PWMS-LG","B27-PWMS-LG","{""amount"":441,""currency"":""CAD""}","{""amount"":441,""currency"":""CAD""}","Mismatch","Matched","Matched","Mismatch","Mismatch"
"011770130","011770130","Mismatch","https://mb01.vanstro.ca/product/base-cabinet-b30-268","[""galleryImages"",""galleryOrder""]","B30-PWMS-WH","B30-PWMS-WH","{""amount"":558,""currency"":""CAD""}","{""amount"":558,""currency"":""CAD""}","Matched","Matched","Matched","Mismatch","Mismatch"
"011770230","011770130","Mismatch","https://mb01.vanstro.ca/product/base-cabinet-b30-268","[""galleryImages"",""galleryOrder"",""parametersSpecifications""]","B30-PWMS-LG","B30-PWMS-LG","{""amount"":558,""currency"":""CAD""}","{""amount"":558,""currency"":""CAD""}","Mismatch","Matched","Matched","Mismatch","Mismatch"
"011780130","011780130","Mismatch","https://mb01.vanstro.ca/product/base-cabinet-b33-269","[""galleryImages"",""galleryOrder""]","B33-PWMS-WH","B33-PWMS-WH","{""amount"":585,""currency"":""CAD""}","{""amount"":585,""currency"":""CAD""}","Matched","Matched","Matched","Mismatch","Mismatch"
"011780230","011780130","Mismatch","https://mb01.vanstro.ca/product/base-cabinet-b33-269","[""galleryImages"",""galleryOrder"",""parametersSpecifications""]","B33-PWMS-LG","B33-PWMS-LG","{""amount"":585,""currency"":""CAD""}","{""amount"":585,""currency"":""CAD""}","Mismatch","Matched","Matched","Mismatch","Mismatch"
"011790130","011790130","Mismatch","https://mb01.vanstro.ca/product/base-cabinet-b36-270","[""galleryImages"",""galleryOrder""]","B36-PWMS-WH","B36-PWMS-WH","{""amount"":612,""currency"":""CAD""}","{""amount"":612,""currency"":""CAD""}","Matched","Matched","Matched","Mismatch","Mismatch"
"011790230","011790130","Mismatch","https://mb01.vanstro.ca/product/base-cabinet-b36-270","[""galleryImages"",""galleryOrder"",""parametersSpecifications""]","B36-PWMS-LG","B36-PWMS-LG","{""amount"":612,""currency"":""CAD""}","{""amount"":612,""currency"":""CAD""}","Mismatch","Matched","Matched","Mismatch","Mismatch"
"011800130","011800130","Mismatch","https://mb01.vanstro.ca/product/base-cabinet-b42-271","[""galleryImages"",""galleryOrder""]","B42-PWMS-WH","B42-PWMS-WH","{""amount"":699,""currency"":""CAD""}","{""amount"":699,""currency"":""CAD""}","Matched","Matched","Matched","Mismatch","Mismatch"
"011800230","011800130","Mismatch","https://mb01.vanstro.ca/product/base-cabinet-b42-271","[""galleryImages"",""galleryOrder"",""parametersSpecifications""]","B42-PWMS-LG","B42-PWMS-LG","{""amount"":699,""currency"":""CAD""}","{""amount"":699,""currency"":""CAD""}","Mismatch","Matched","Matched","Mismatch","Mismatch"
"011950130","011950130","Mismatch","https://mb01.vanstro.ca/product/sink-base-sb30-368","[""galleryImages"",""galleryOrder""]","SB30-PWMS-WH","SB30-PWMS-WH","{""amount"":322,""currency"":""CAD""}","{""amount"":322,""currency"":""CAD""}","Matched","Matched","Matched","Mismatch","Mismatch"
"011950230","011950130","Mismatch","https://mb01.vanstro.ca/product/sink-base-sb30-368","[""galleryImages"",""galleryOrder"",""parametersSpecifications""]","SB30-PWMS-LG","SB30-PWMS-LG","{""amount"":322,""currency"":""CAD""}","{""amount"":322,""currency"":""CAD""}","Mismatch","Matched","Matched","Mismatch","Mismatch"
"011960130","011960130","Mismatch","https://mb01.vanstro.ca/product/sink-base-sb33-369","[""galleryImages"",""galleryOrder""]","SB33-PWMS-WH","SB33-PWMS-WH","{""amount"":341,""currency"":""CAD""}","{""amount"":341,""currency"":""CAD""}","Matched","Matched","Matched","Mismatch","Mismatch"
"011960230","011960130","Mismatch","https://mb01.vanstro.ca/product/sink-base-sb33-369","[""galleryImages"",""galleryOrder"",""parametersSpecifications""]","SB33-PWMS-LG","SB33-PWMS-LG","{""amount"":341,""currency"":""CAD""}","{""amount"":341,""currency"":""CAD""}","Mismatch","Matched","Matched","Mismatch","Mismatch"
"011970130","011970130","Mismatch","https://mb01.vanstro.ca/product/sink-base-sb36-370","[""galleryImages"",""galleryOrder""]","SB36-PWMS-WH","SB36-PWMS-WH","{""amount"":360,""currency"":""CAD""}","{""amount"":360,""currency"":""CAD""}","Matched","Matched","Matched","Mismatch","Mismatch"
"011970230","011970130","Mismatch","https://mb01.vanstro.ca/product/sink-base-sb36-370","[""galleryImages"",""galleryOrder"",""parametersSpecifications""]","SB36-PWMS-LG","SB36-PWMS-LG","{""amount"":360,""currency"":""CAD""}","{""amount"":360,""currency"":""CAD""}","Mismatch","Matched","Matched","Mismatch","Mismatch"
"012710130","012710130","Mismatch","https://mb01.vanstro.ca/product/3-drawer-base-3db12-272","[""galleryImages"",""galleryOrder""]","3DB12-PWMS-WH","3DB12-PWMS-WH","{""amount"":467,""currency"":""CAD""}","{""amount"":467,""currency"":""CAD""}","Matched","Matched","Matched","Mismatch","Mismatch"
"012710230","012710130","Mismatch","https://mb01.vanstro.ca/product/3-drawer-base-3db12-272","[""galleryImages"",""galleryOrder"",""parametersSpecifications""]","3DB12-PWMS-LG","3DB12-PWMS-LG","{""amount"":467,""currency"":""CAD""}","{""amount"":467,""currency"":""CAD""}","Mismatch","Matched","Matched","Mismatch","Mismatch"
"012720130","012720130","Mismatch","https://mb01.vanstro.ca/product/3-drawer-base-3db15-273","[""galleryImages"",""galleryOrder""]","3DB15-PWMS-WH","3DB15-PWMS-WH","{""amount"":496,""currency"":""CAD""}","{""amount"":496,""currency"":""CAD""}","Matched","Matched","Matched","Mismatch","Mismatch"
"012720230","012720130","Mismatch","https://mb01.vanstro.ca/product/3-drawer-base-3db15-273","[""galleryImages"",""galleryOrder"",""parametersSpecifications""]","3DB15-PWMS-LG","3DB15-PWMS-LG","{""amount"":496,""currency"":""CAD""}","{""amount"":496,""currency"":""CAD""}","Mismatch","Matched","Matched","Mismatch","Mismatch"
"012730130","012730130","Mismatch","https://mb01.vanstro.ca/product/3-drawer-base-3db18-274","[""galleryImages"",""galleryOrder""]","3DB18-PWMS-WH","3DB18-PWMS-WH","{""amount"":526,""currency"":""CAD""}","{""amount"":526,""currency"":""CAD""}","Matched","Matched","Matched","Mismatch","Mismatch"
"012730230","012730130","Mismatch","https://mb01.vanstro.ca/product/3-drawer-base-3db18-274","[""galleryImages"",""galleryOrder"",""parametersSpecifications""]","3DB18-PWMS-LG","3DB18-PWMS-LG","{""amount"":526,""currency"":""CAD""}","{""amount"":526,""currency"":""CAD""}","Mismatch","Matched","Matched","Mismatch","Mismatch"
"012740130","012740130","Mismatch","https://mb01.vanstro.ca/product/3-drawer-base-3db21-275","[""galleryImages"",""galleryOrder""]","3DB21-PWMS-WH","3DB21-PWMS-WH","{""amount"":558,""currency"":""CAD""}","{""amount"":558,""currency"":""CAD""}","Matched","Matched","Matched","Mismatch","Mismatch"
"012740230","012740130","Mismatch","https://mb01.vanstro.ca/product/3-drawer-base-3db21-275","[""galleryImages"",""galleryOrder"",""parametersSpecifications""]","3DB21-PWMS-LG","3DB21-PWMS-LG","{""amount"":558,""currency"":""CAD""}","{""amount"":558,""currency"":""CAD""}","Mismatch","Matched","Matched","Mismatch","Mismatch"
"012750130","012750130","Mismatch","https://mb01.vanstro.ca/product/3-drawer-base-3db24-276","[""galleryImages"",""galleryOrder""]","3DB24-PWMS-WH","3DB24-PWMS-WH","{""amount"":590,""currency"":""CAD""}","{""amount"":590,""currency"":""CAD""}","Matched","Matched","Matched","Mismatch","Mismatch"
"012750230","012750130","Mismatch","https://mb01.vanstro.ca/product/3-drawer-base-3db24-276","[""galleryImages"",""galleryOrder"",""parametersSpecifications""]","3DB24-PWMS-LG","3DB24-PWMS-LG","{""amount"":590,""currency"":""CAD""}","{""amount"":590,""currency"":""CAD""}","Mismatch","Matched","Matched","Mismatch","Mismatch"
"012770130","012770130","Mismatch","https://mb01.vanstro.ca/product/3-drawer-base-3db30-277","[""galleryImages"",""galleryOrder""]","3DB30-PWMS-WH","3DB30-PWMS-WH","{""amount"":656,""currency"":""CAD""}","{""amount"":656,""currency"":""CAD""}","Matched","Matched","Matched","Mismatch","Mismatch"
"012770230","012770130","Mismatch","https://mb01.vanstro.ca/product/3-drawer-base-3db30-277","[""galleryImages"",""galleryOrder"",""parametersSpecifications""]","3DB30-PWMS-LG","3DB30-PWMS-LG","{""amount"":656,""currency"":""CAD""}","{""amount"":656,""currency"":""CAD""}","Mismatch","Matched","Matched","Mismatch","Mismatch"
"012780130","012780130","Mismatch","https://mb01.vanstro.ca/product/3-drawer-base-3db33-278","[""galleryImages"",""galleryOrder""]","3DB33-PWMS-WH","3DB33-PWMS-WH","{""amount"":688,""currency"":""CAD""}","{""amount"":688,""currency"":""CAD""}","Matched","Matched","Matched","Mismatch","Mismatch"
"012780230","012780130","Mismatch","https://mb01.vanstro.ca/product/3-drawer-base-3db33-278","[""galleryImages"",""galleryOrder"",""parametersSpecifications""]","3DB33-PWMS-LG","3DB33-PWMS-LG","{""amount"":688,""currency"":""CAD""}","{""amount"":688,""currency"":""CAD""}","Mismatch","Matched","Matched","Mismatch","Mismatch"
"012790130","012790130","Mismatch","https://mb01.vanstro.ca/product/3-drawer-base-3db36-279","[""galleryImages"",""galleryOrder""]","3DB36-PWMS-WH","3DB36-PWMS-WH","{""amount"":721,""currency"":""CAD""}","{""amount"":721,""currency"":""CAD""}","Matched","Matched","Matched","Mismatch","Mismatch"
"012790230","012790130","Mismatch","https://mb01.vanstro.ca/product/3-drawer-base-3db36-279","[""galleryImages"",""galleryOrder"",""parametersSpecifications""]","3DB36-PWMS-LG","3DB36-PWMS-LG","{""amount"":721,""currency"":""CAD""}","{""amount"":721,""currency"":""CAD""}","Mismatch","Matched","Matched","Mismatch","Mismatch"
"013780130","013780130","Mismatch","https://mb01.vanstro.ca/product/lazy-susan-base-lsb33-280","[""galleryImages"",""galleryOrder""]","LSB33-W-PWMS-WH","LSB33-W-PWMS-WH","{""amount"":804,""currency"":""CAD""}","{""amount"":804,""currency"":""CAD""}","Matched","Matched","Matched","Mismatch","Mismatch"
"013780230","013780130","Mismatch","https://mb01.vanstro.ca/product/lazy-susan-base-lsb33-280","[""galleryImages"",""galleryOrder"",""parametersSpecifications""]","LSB33-W-PWMS-LG","LSB33-W-PWMS-LG","{""amount"":804,""currency"":""CAD""}","{""amount"":804,""currency"":""CAD""}","Mismatch","Matched","Matched","Mismatch","Mismatch"
"013790130","013790130","Mismatch","https://mb01.vanstro.ca/product/lazy-susan-base-lsb36-281","[""galleryImages"",""galleryOrder""]","LSB36-W-PWMS-WH","LSB36-W-PWMS-WH","{""amount"":847,""currency"":""CAD""}","{""amount"":847,""currency"":""CAD""}","Matched","Matched","Matched","Mismatch","Mismatch"
"013790230","013790130","Mismatch","https://mb01.vanstro.ca/product/lazy-susan-base-lsb36-281","[""galleryImages"",""galleryOrder"",""parametersSpecifications""]","LSB36-W-PWMS-LG","LSB36-W-PWMS-LG","{""amount"":847,""currency"":""CAD""}","{""amount"":847,""currency"":""CAD""}","Mismatch","Matched","Matched","Mismatch","Mismatch"
"014700131","014700131","Mismatch","https://mb01.vanstro.ca/product/lazy-susan-base-spb9-282","[""galleryImages"",""galleryOrder""]","SPB9-PWMS-WH","SPB9-PWMS-WH","{""amount"":305,""currency"":""CAD""}","{""amount"":305,""currency"":""CAD""}","Matched","Matched","Matched","Mismatch","Mismatch"
"014700231","014700131","Mismatch","https://mb01.vanstro.ca/product/lazy-susan-base-spb9-282","[""galleryImages"",""galleryOrder"",""parametersSpecifications""]","SPB9-PWMS-LG","SPB9-PWMS-LG","{""amount"":305,""currency"":""CAD""}","{""amount"":305,""currency"":""CAD""}","Mismatch","Matched","Matched","Mismatch","Mismatch"
"015010130","015010130","Mismatch","https://mb01.vanstro.ca/product/wall-cabinet-w0930-283","[""galleryImages"",""galleryOrder""]","W0930-PWMS-WH","W0930-PWMS-WH","{""amount"":126,""currency"":""CAD""}","{""amount"":126,""currency"":""CAD""}","Matched","Matched","Matched","Mismatch","Mismatch"
"015010230","015010130","Mismatch","https://mb01.vanstro.ca/product/wall-cabinet-w0930-283","[""galleryImages"",""galleryOrder"",""parametersSpecifications""]","W0930-PWMS-LG","W0930-PWMS-LG","{""amount"":126,""currency"":""CAD""}","{""amount"":126,""currency"":""CAD""}","Mismatch","Matched","Matched","Mismatch","Mismatch"
"015020130","015020130","Mismatch","https://mb01.vanstro.ca/product/wall-cabinet-w0936-284","[""galleryImages"",""galleryOrder""]","W0936-PWMS-WH","W0936-PWMS-WH","{""amount"":144,""currency"":""CAD""}","{""amount"":144,""currency"":""CAD""}","Matched","Matched","Matched","Mismatch","Mismatch"
"015020230","015020130","Mismatch","https://mb01.vanstro.ca/product/wall-cabinet-w0936-284","[""galleryImages"",""galleryOrder"",""parametersSpecifications""]","W0936-PWMS-LG","W0936-PWMS-LG","{""amount"":144,""currency"":""CAD""}","{""amount"":144,""currency"":""CAD""}","Mismatch","Matched","Matched","Mismatch","Mismatch"
"015030130","015030130","Mismatch","https://mb01.vanstro.ca/product/wall-cabinet-w0942-285","[""galleryImages"",""galleryOrder""]","W0942-PWMS-WH","W0942-PWMS-WH","{""amount"":172,""currency"":""CAD""}","{""amount"":172,""currency"":""CAD""}","Matched","Matched","Matched","Mismatch","Mismatch"
"015030230","015030130","Mismatch","https://mb01.vanstro.ca/product/wall-cabinet-w0942-285","[""galleryImages"",""galleryOrder"",""parametersSpecifications""]","W0942-PWMS-LG","W0942-PWMS-LG","{""amount"":172,""currency"":""CAD""}","{""amount"":172,""currency"":""CAD""}","Mismatch","Matched","Matched","Mismatch","Mismatch"
"015040130","015040130","Mismatch","https://mb01.vanstro.ca/product/wall-cabinet-w1230-286","[""galleryImages"",""galleryOrder""]","W1230-PWMS-WH","W1230-PWMS-WH","{""amount"":144,""currency"":""CAD""}","{""amount"":144,""currency"":""CAD""}","Matched","Matched","Matched","Mismatch","Mismatch"
"015040230","015040130","Mismatch","https://mb01.vanstro.ca/product/wall-cabinet-w1230-286","[""galleryImages"",""galleryOrder"",""parametersSpecifications""]","W1230-PWMS-LG","W1230-PWMS-LG","{""amount"":144,""currency"":""CAD""}","{""amount"":144,""currency"":""CAD""}","Mismatch","Matched","Matched","Mismatch","Mismatch"
"015050130","015050130","Mismatch","https://mb01.vanstro.ca/product/wall-cabinet-w1236-287","[""galleryImages"",""galleryOrder""]","W1236-PWMS-WH","W1236-PWMS-WH","{""amount"":164,""currency"":""CAD""}","{""amount"":164,""currency"":""CAD""}","Matched","Matched","Matched","Mismatch","Mismatch"
"015050230","015050130","Mismatch","https://mb01.vanstro.ca/product/wall-cabinet-w1236-287","[""galleryImages"",""galleryOrder"",""parametersSpecifications""]","W1236-PWMS-LG","W1236-PWMS-LG","{""amount"":164,""currency"":""CAD""}","{""amount"":164,""currency"":""CAD""}","Mismatch","Matched","Matched","Mismatch","Mismatch"
"015060130","015060130","Mismatch","https://mb01.vanstro.ca/product/wall-cabinet-w1242-288","[""galleryImages"",""galleryOrder""]","W1242-PWMS-WH","W1242-PWMS-WH","{""amount"":196,""currency"":""CAD""}","{""amount"":196,""currency"":""CAD""}","Matched","Matched","Matched","Mismatch","Mismatch"
"015060230","015060130","Mismatch","https://mb01.vanstro.ca/product/wall-cabinet-w1242-288","[""galleryImages"",""galleryOrder"",""parametersSpecifications""]","W1242-PWMS-LG","W1242-PWMS-LG","{""amount"":196,""currency"":""CAD""}","{""amount"":196,""currency"":""CAD""}","Mismatch","Matched","Matched","Mismatch","Mismatch"
"015070130","015070130","Mismatch","https://mb01.vanstro.ca/product/wall-cabinet-w1530-289","[""galleryImages"",""galleryOrder""]","W1530-PWMS-WH","W1530-PWMS-WH","{""amount"":164,""currency"":""CAD""}","{""amount"":164,""currency"":""CAD""}","Matched","Matched","Matched","Mismatch","Mismatch"
"015070230","015070130","Mismatch","https://mb01.vanstro.ca/product/wall-cabinet-w1530-289","[""galleryImages"",""galleryOrder"",""parametersSpecifications""]","W1530-PWMS-LG","W1530-PWMS-LG","{""amount"":164,""currency"":""CAD""}","{""amount"":164,""currency"":""CAD""}","Mismatch","Matched","Matched","Mismatch","Mismatch"
"015070330","015070330","Mismatch","https://mb01.vanstro.ca/product/wall-cabinet-gd-w1530gd-331","[""galleryImages"",""galleryOrder""]","W1530GD-PWMS-WH","W1530GD-PWMS-WH","{""amount"":177,""currency"":""CAD""}","{""amount"":177,""currency"":""CAD""}","Matched","Matched","Matched","Mismatch","Mismatch"
"015070430","015070330","Mismatch","https://mb01.vanstro.ca/product/wall-cabinet-gd-w1530gd-331","[""galleryImages"",""galleryOrder"",""parametersSpecifications""]","W1530GD-PWMS-LG","W1530GD-PWMS-LG","{""amount"":177,""currency"":""CAD""}","{""amount"":177,""currency"":""CAD""}","Mismatch","Matched","Matched","Mismatch","Mismatch"
"015080130","015080130","Mismatch","https://mb01.vanstro.ca/product/wall-cabinet-w1536-290","[""galleryImages"",""galleryOrder""]","W1536-PWMS-WH","W1536-PWMS-WH","{""amount"":187,""currency"":""CAD""}","{""amount"":187,""currency"":""CAD""}","Matched","Matched","Matched","Mismatch","Mismatch"
"015080230","015080130","Mismatch","https://mb01.vanstro.ca/product/wall-cabinet-w1536-290","[""galleryImages"",""galleryOrder"",""parametersSpecifications""]","W1536-PWMS-LG","W1536-PWMS-LG","{""amount"":187,""currency"":""CAD""}","{""amount"":187,""currency"":""CAD""}","Mismatch","Matched","Matched","Mismatch","Mismatch"
"015080330","015080330","Mismatch","https://mb01.vanstro.ca/product/wall-cabinet-gd-w1536gd-332","[""galleryImages"",""galleryOrder""]","W1536GD-PWMS-WH","W1536GD-PWMS-WH","{""amount"":203,""currency"":""CAD""}","{""amount"":203,""currency"":""CAD""}","Matched","Matched","Matched","Mismatch","Mismatch"
"015080430","015080330","Mismatch","https://mb01.vanstro.ca/product/wall-cabinet-gd-w1536gd-332","[""galleryImages"",""galleryOrder"",""parametersSpecifications""]","W1536GD-PWMS-LG","W1536GD-PWMS-LG","{""amount"":203,""currency"":""CAD""}","{""amount"":203,""currency"":""CAD""}","Mismatch","Matched","Matched","Mismatch","Mismatch"
"015090130","015090130","Mismatch","https://mb01.vanstro.ca/product/wall-cabinet-w1542-291","[""galleryImages"",""galleryOrder""]","W1542-PWMS-WH","W1542-PWMS-WH","{""amount"":223,""currency"":""CAD""}","{""amount"":223,""currency"":""CAD""}","Matched","Matched","Matched","Mismatch","Mismatch"
"015090230","015090130","Mismatch","https://mb01.vanstro.ca/product/wall-cabinet-w1542-291","[""galleryImages"",""galleryOrder"",""parametersSpecifications""]","W1542-PWMS-LG","W1542-PWMS-LG","{""amount"":223,""currency"":""CAD""}","{""amount"":223,""currency"":""CAD""}","Mismatch","Matched","Matched","Mismatch","Mismatch"
"015090330","015090330","Mismatch","https://mb01.vanstro.ca/product/wall-cabinet-gd-w1542gd-333","[""galleryImages"",""galleryOrder""]","W1542GD-PWMS-WH","W1542GD-PWMS-WH","{""amount"":243,""currency"":""CAD""}","{""amount"":243,""currency"":""CAD""}","Matched","Matched","Matched","Mismatch","Mismatch"
"015090430","015090330","Mismatch","https://mb01.vanstro.ca/product/wall-cabinet-gd-w1542gd-333","[""galleryImages"",""galleryOrder"",""parametersSpecifications""]","W1542GD-PWMS-LG","W1542GD-PWMS-LG","{""amount"":243,""currency"":""CAD""}","{""amount"":243,""currency"":""CAD""}","Mismatch","Matched","Matched","Mismatch","Mismatch"
"015100130","015100130","Mismatch","https://mb01.vanstro.ca/product/wall-cabinet-w1830-292","[""galleryImages"",""galleryOrder""]","W1830-PWMS-WH","W1830-PWMS-WH","{""amount"":184,""currency"":""CAD""}","{""amount"":184,""currency"":""CAD""}","Matched","Matched","Matched","Mismatch","Mismatch"
"015100230","015100130","Mismatch","https://mb01.vanstro.ca/product/wall-cabinet-w1830-292","[""galleryImages"",""galleryOrder"",""parametersSpecifications""]","W1830-PWMS-LG","W1830-PWMS-LG","{""amount"":184,""currency"":""CAD""}","{""amount"":184,""currency"":""CAD""}","Mismatch","Matched","Matched","Mismatch","Mismatch"
"015100330","015100330","Mismatch","https://mb01.vanstro.ca/product/wall-cabinet-gd-w1830gd-334","[""galleryImages"",""galleryOrder""]","W1830GD-PWMS-WH","W1830GD-PWMS-WH","{""amount"":201,""currency"":""CAD""}","{""amount"":201,""currency"":""CAD""}","Matched","Matched","Matched","Mismatch","Mismatch"
"015100430","015100330","Mismatch","https://mb01.vanstro.ca/product/wall-cabinet-gd-w1830gd-334","[""galleryImages"",""galleryOrder"",""parametersSpecifications""]","W1830GD-PWMS-LG","W1830GD-PWMS-LG","{""amount"":201,""currency"":""CAD""}","{""amount"":201,""currency"":""CAD""}","Mismatch","Matched","Matched","Mismatch","Mismatch"
"015110130","015110130","Mismatch","https://mb01.vanstro.ca/product/wall-cabinet-w1836-293","[""galleryImages"",""galleryOrder""]","W1836-PWMS-WH","W1836-PWMS-WH","{""amount"":210,""currency"":""CAD""}","{""amount"":210,""currency"":""CAD""}","Matched","Matched","Matched","Mismatch","Mismatch"
"015110230","015110130","Mismatch","https://mb01.vanstro.ca/product/wall-cabinet-w1836-293","[""galleryImages"",""galleryOrder"",""parametersSpecifications""]","W1836-PWMS-LG","W1836-PWMS-LG","{""amount"":210,""currency"":""CAD""}","{""amount"":210,""currency"":""CAD""}","Mismatch","Matched","Matched","Mismatch","Mismatch"
"015110330","015110330","Mismatch","https://mb01.vanstro.ca/product/wall-cabinet-gd-w1836gd-335","[""galleryImages"",""galleryOrder""]","W1836GD-PWMS-WH","W1836GD-PWMS-WH","{""amount"":231,""currency"":""CAD""}","{""amount"":231,""currency"":""CAD""}","Matched","Matched","Matched","Mismatch","Mismatch"
"015110430","015110330","Mismatch","https://mb01.vanstro.ca/product/wall-cabinet-gd-w1836gd-335","[""galleryImages"",""galleryOrder"",""parametersSpecifications""]","W1836GD-PWMS-LG","W1836GD-PWMS-LG","{""amount"":231,""currency"":""CAD""}","{""amount"":231,""currency"":""CAD""}","Mismatch","Matched","Matched","Mismatch","Mismatch"
"015120130","015120130","Mismatch","https://mb01.vanstro.ca/product/wall-cabinet-w1842-294","[""galleryImages"",""galleryOrder""]","W1842-PWMS-WH","W1842-PWMS-WH","{""amount"":250,""currency"":""CAD""}","{""amount"":250,""currency"":""CAD""}","Matched","Matched","Matched","Mismatch","Mismatch"
"015120230","015120130","Mismatch","https://mb01.vanstro.ca/product/wall-cabinet-w1842-294","[""galleryImages"",""galleryOrder"",""parametersSpecifications""]","W1842-PWMS-LG","W1842-PWMS-LG","{""amount"":250,""currency"":""CAD""}","{""amount"":250,""currency"":""CAD""}","Mismatch","Matched","Matched","Mismatch","Mismatch"
"015120330","015120330","Mismatch","https://mb01.vanstro.ca/product/wall-cabinet-gd-w1842gd-336","[""galleryImages"",""galleryOrder""]","W1842GD-PWMS-WH","W1842GD-PWMS-WH","{""amount"":275,""currency"":""CAD""}","{""amount"":275,""currency"":""CAD""}","Matched","Matched","Matched","Mismatch","Mismatch"
"015120430","015120330","Mismatch","https://mb01.vanstro.ca/product/wall-cabinet-gd-w1842gd-336","[""galleryImages"",""galleryOrder"",""parametersSpecifications""]","W1842GD-PWMS-LG","W1842GD-PWMS-LG","{""amount"":275,""currency"":""CAD""}","{""amount"":275,""currency"":""CAD""}","Mismatch","Matched","Matched","Mismatch","Mismatch"
"015130130","015130130","Mismatch","https://mb01.vanstro.ca/product/wall-cabinet-w2130-295","[""galleryImages"",""galleryOrder""]","W2130-PWMS-WH","W2130-PWMS-WH","{""amount"":204,""currency"":""CAD""}","{""amount"":204,""currency"":""CAD""}","Matched","Matched","Matched","Mismatch","Mismatch"
"015130230","015130130","Mismatch","https://mb01.vanstro.ca/product/wall-cabinet-w2130-295","[""galleryImages"",""galleryOrder"",""parametersSpecifications""]","W2130-PWMS-LG","W2130-PWMS-LG","{""amount"":204,""currency"":""CAD""}","{""amount"":204,""currency"":""CAD""}","Mismatch","Matched","Matched","Mismatch","Mismatch"
"015140130","015140130","Mismatch","https://mb01.vanstro.ca/product/wall-cabinet-w2136-296","[""galleryImages"",""galleryOrder""]","W2136-PWMS-WH","W2136-PWMS-WH","{""amount"":232,""currency"":""CAD""}","{""amount"":232,""currency"":""CAD""}","Matched","Matched","Matched","Mismatch","Mismatch"
"015140230","015140130","Mismatch","https://mb01.vanstro.ca/product/wall-cabinet-w2136-296","[""galleryImages"",""galleryOrder"",""parametersSpecifications""]","W2136-PWMS-LG","W2136-PWMS-LG","{""amount"":232,""currency"":""CAD""}","{""amount"":232,""currency"":""CAD""}","Mismatch","Matched","Matched","Mismatch","Mismatch"
"015150130","015150130","Mismatch","https://mb01.vanstro.ca/product/wall-cabinet-w2142-297","[""galleryImages"",""galleryOrder""]","W2142-PWMS-WH","W2142-PWMS-WH","{""amount"":276,""currency"":""CAD""}","{""amount"":276,""currency"":""CAD""}","Matched","Matched","Matched","Mismatch","Mismatch"
"015150230","015150130","Mismatch","https://mb01.vanstro.ca/product/wall-cabinet-w2142-297","[""galleryImages"",""galleryOrder"",""parametersSpecifications""]","W2142-PWMS-LG","W2142-PWMS-LG","{""amount"":276,""currency"":""CAD""}","{""amount"":276,""currency"":""CAD""}","Mismatch","Matched","Matched","Mismatch","Mismatch"
"015160130","015160130","Mismatch","https://mb01.vanstro.ca/product/wall-cabinet-w2430-298","[""galleryImages"",""galleryOrder""]","W2430-PWMS-WH","W2430-PWMS-WH","{""amount"":235,""currency"":""CAD""}","{""amount"":235,""currency"":""CAD""}","Matched","Matched","Matched","Mismatch","Mismatch"
"015160230","015160130","Mismatch","https://mb01.vanstro.ca/product/wall-cabinet-w2430-298","[""galleryImages"",""galleryOrder"",""parametersSpecifications""]","W2430-PWMS-LG","W2430-PWMS-LG","{""amount"":235,""currency"":""CAD""}","{""amount"":235,""currency"":""CAD""}","Mismatch","Matched","Matched","Mismatch","Mismatch"
"015160330","015160330","Mismatch","https://mb01.vanstro.ca/product/wall-cabinet-gd-w2430gd-337","[""galleryImages"",""galleryOrder""]","W2430GD-PWMS-WH","W2430GD-PWMS-WH","{""amount"":254,""currency"":""CAD""}","{""amount"":254,""currency"":""CAD""}","Matched","Matched","Matched","Mismatch","Mismatch"
"015160430","015160330","Mismatch","https://mb01.vanstro.ca/product/wall-cabinet-gd-w2430gd-337","[""galleryImages"",""galleryOrder"",""parametersSpecifications""]","W2430GD-PWMS-LG","W2430GD-PWMS-LG","{""amount"":254,""currency"":""CAD""}","{""amount"":254,""currency"":""CAD""}","Mismatch","Matched","Matched","Mismatch","Mismatch"
"015170130","015170130","Mismatch","https://mb01.vanstro.ca/product/wall-cabinet-w2436-299","[""galleryImages"",""galleryOrder""]","W2436-PWMS-WH","W2436-PWMS-WH","{""amount"":267,""currency"":""CAD""}","{""amount"":267,""currency"":""CAD""}","Matched","Matched","Matched","Mismatch","Mismatch"
"015170230","015170130","Mismatch","https://mb01.vanstro.ca/product/wall-cabinet-w2436-299","[""galleryImages"",""galleryOrder"",""parametersSpecifications""]","W2436-PWMS-LG","W2436-PWMS-LG","{""amount"":267,""currency"":""CAD""}","{""amount"":267,""currency"":""CAD""}","Mismatch","Matched","Matched","Mismatch","Mismatch"
"015170330","015170330","Mismatch","https://mb01.vanstro.ca/product/wall-cabinet-gd-w2436gd-338","[""galleryImages"",""galleryOrder""]","W2436GD-PWMS-WH","W2436GD-PWMS-WH","{""amount"":290,""currency"":""CAD""}","{""amount"":290,""currency"":""CAD""}","Matched","Matched","Matched","Mismatch","Mismatch"
"015170430","015170330","Mismatch","https://mb01.vanstro.ca/product/wall-cabinet-gd-w2436gd-338","[""galleryImages"",""galleryOrder"",""parametersSpecifications""]","W2436GD-PWMS-LG","W2436GD-PWMS-LG","{""amount"":290,""currency"":""CAD""}","{""amount"":290,""currency"":""CAD""}","Mismatch","Matched","Matched","Mismatch","Mismatch"
"015180130","015180130","Mismatch","https://mb01.vanstro.ca/product/wall-cabinet-w2442-300","[""galleryImages"",""galleryOrder""]","W2442-PWMS-WH","W2442-PWMS-WH","{""amount"":321,""currency"":""CAD""}","{""amount"":321,""currency"":""CAD""}","Matched","Matched","Matched","Mismatch","Mismatch"
"015180230","015180130","Mismatch","https://mb01.vanstro.ca/product/wall-cabinet-w2442-300","[""galleryImages"",""galleryOrder"",""parametersSpecifications""]","W2442-PWMS-LG","W2442-PWMS-LG","{""amount"":321,""currency"":""CAD""}","{""amount"":321,""currency"":""CAD""}","Mismatch","Matched","Matched","Mismatch","Mismatch"
"015180330","015180330","Mismatch","https://mb01.vanstro.ca/product/wall-cabinet-gd-w2442gd-339","[""galleryImages"",""galleryOrder""]","W2442GD-PWMS-WH","W2442GD-PWMS-WH","{""amount"":348,""currency"":""CAD""}","{""amount"":348,""currency"":""CAD""}","Matched","Matched","Matched","Mismatch","Mismatch"
"015180430","015180330","Mismatch","https://mb01.vanstro.ca/product/wall-cabinet-gd-w2442gd-339","[""galleryImages"",""galleryOrder"",""parametersSpecifications""]","W2442GD-PWMS-LG","W2442GD-PWMS-LG","{""amount"":348,""currency"":""CAD""}","{""amount"":348,""currency"":""CAD""}","Mismatch","Matched","Matched","Mismatch","Mismatch"
"015190130","015190130","Mismatch","https://mb01.vanstro.ca/product/wall-cabinet-w2730-301","[""galleryImages"",""galleryOrder""]","W2730-PWMS-WH","W2730-PWMS-WH","{""amount"":255,""currency"":""CAD""}","{""amount"":255,""currency"":""CAD""}","Matched","Matched","Matched","Mismatch","Mismatch"
"015190230","015190130","Mismatch","https://mb01.vanstro.ca/product/wall-cabinet-w2730-301","[""galleryImages"",""galleryOrder"",""parametersSpecifications""]","W2730-PWMS-LG","W2730-PWMS-LG","{""amount"":255,""currency"":""CAD""}","{""amount"":255,""currency"":""CAD""}","Mismatch","Matched","Matched","Mismatch","Mismatch"
"015200130","015200130","Mismatch","https://mb01.vanstro.ca/product/wall-cabinet-w2736-302","[""galleryImages"",""galleryOrder""]","W2736-PWMS-WH","W2736-PWMS-WH","{""amount"":289,""currency"":""CAD""}","{""amount"":289,""currency"":""CAD""}","Matched","Matched","Matched","Mismatch","Mismatch"
"015200230","015200130","Mismatch","https://mb01.vanstro.ca/product/wall-cabinet-w2736-302","[""galleryImages"",""galleryOrder"",""parametersSpecifications""]","W2736-PWMS-LG","W2736-PWMS-LG","{""amount"":289,""currency"":""CAD""}","{""amount"":289,""currency"":""CAD""}","Mismatch","Matched","Matched","Mismatch","Mismatch"
"015210130","015210130","Mismatch","https://mb01.vanstro.ca/product/wall-cabinet-w2742-303","[""galleryImages"",""galleryOrder""]","W2742-PWMS-WH","W2742-PWMS-WH","{""amount"":347,""currency"":""CAD""}","{""amount"":347,""currency"":""CAD""}","Matched","Matched","Matched","Mismatch","Mismatch"
"015210230","015210130","Mismatch","https://mb01.vanstro.ca/product/wall-cabinet-w2742-303","[""galleryImages"",""galleryOrder"",""parametersSpecifications""]","W2742-PWMS-LG","W2742-PWMS-LG","{""amount"":347,""currency"":""CAD""}","{""amount"":347,""currency"":""CAD""}","Mismatch","Matched","Matched","Mismatch","Mismatch"
"015220130","015220130","Mismatch","https://mb01.vanstro.ca/product/wall-cabinet-w3012-304","[""galleryImages"",""galleryOrder""]","W3012-PWMS-WH","W3012-PWMS-WH","{""amount"":149,""currency"":""CAD""}","{""amount"":149,""currency"":""CAD""}","Matched","Matched","Matched","Mismatch","Mismatch"
"015220230","015220130","Mismatch","https://mb01.vanstro.ca/product/wall-cabinet-w3012-304","[""galleryImages"",""galleryOrder"",""parametersSpecifications""]","W3012-PWMS-LG","W3012-PWMS-LG","{""amount"":149,""currency"":""CAD""}","{""amount"":149,""currency"":""CAD""}","Mismatch","Matched","Matched","Mismatch","Mismatch"
"015230130","015230130","Mismatch","https://mb01.vanstro.ca/product/wall-cabinet-w301224-305","[""galleryImages"",""galleryOrder""]","W301224-PWMS-WH","W301224-PWMS-WH","{""amount"":213,""currency"":""CAD""}","{""amount"":213,""currency"":""CAD""}","Matched","Matched","Matched","Mismatch","Mismatch"
"015230230","015230130","Mismatch","https://mb01.vanstro.ca/product/wall-cabinet-w301224-305","[""galleryImages"",""galleryOrder"",""parametersSpecifications""]","W301224-PWMS-LG","W301224-PWMS-LG","{""amount"":213,""currency"":""CAD""}","{""amount"":213,""currency"":""CAD""}","Mismatch","Matched","Matched","Mismatch","Mismatch"
"015240130","015240130","Mismatch","https://mb01.vanstro.ca/product/wall-cabinet-w301524-306","[""galleryImages"",""galleryOrder""]","W301524-PWMS-WH","W301524-PWMS-WH","{""amount"":231,""currency"":""CAD""}","{""amount"":231,""currency"":""CAD""}","Matched","Matched","Matched","Mismatch","Mismatch"
"015240230","015240130","Mismatch","https://mb01.vanstro.ca/product/wall-cabinet-w301524-306","[""galleryImages"",""galleryOrder"",""parametersSpecifications""]","W301524-PWMS-LG","W301524-PWMS-LG","{""amount"":231,""currency"":""CAD""}","{""amount"":231,""currency"":""CAD""}","Mismatch","Matched","Matched","Mismatch","Mismatch"
"015250130","015250130","Mismatch","https://mb01.vanstro.ca/product/wall-cabinet-w3018-307","[""galleryImages"",""galleryOrder""]","W3018-PWMS-WH","W3018-PWMS-WH","{""amount"":177,""currency"":""CAD""}","{""amount"":177,""currency"":""CAD""}","Matched","Matched","Matched","Mismatch","Mismatch"
"015250230","015250130","Mismatch","https://mb01.vanstro.ca/product/wall-cabinet-w3018-307","[""galleryImages"",""galleryOrder"",""parametersSpecifications""]","W3018-PWMS-LG","W3018-PWMS-LG","{""amount"":177,""currency"":""CAD""}","{""amount"":177,""currency"":""CAD""}","Mismatch","Matched","Matched","Mismatch","Mismatch"
"015260130","015260130","Mismatch","https://mb01.vanstro.ca/product/wall-cabinet-w301824-308","[""galleryImages"",""galleryOrder""]","W301824-PWMS-WH","W301824-PWMS-WH","{""amount"":247,""currency"":""CAD""}","{""amount"":247,""currency"":""CAD""}","Matched","Matched","Matched","Mismatch","Mismatch"
"015260230","015260130","Mismatch","https://mb01.vanstro.ca/product/wall-cabinet-w301824-308","[""galleryImages"",""galleryOrder"",""parametersSpecifications""]","W301824-PWMS-LG","W301824-PWMS-LG","{""amount"":247,""currency"":""CAD""}","{""amount"":247,""currency"":""CAD""}","Mismatch","Matched","Matched","Mismatch","Mismatch"
"015270130","015270130","Mismatch","https://mb01.vanstro.ca/product/wall-cabinet-w3024-309","[""galleryImages"",""galleryOrder""]","W3024-PWMS-WH","W3024-PWMS-WH","{""amount"":226,""currency"":""CAD""}","{""amount"":226,""currency"":""CAD""}","Matched","Matched","Matched","Mismatch","Mismatch"
"015270230","015270130","Mismatch","https://mb01.vanstro.ca/product/wall-cabinet-w3024-309","[""galleryImages"",""galleryOrder"",""parametersSpecifications""]","W3024-PWMS-LG","W3024-PWMS-LG","{""amount"":226,""currency"":""CAD""}","{""amount"":226,""currency"":""CAD""}","Mismatch","Matched","Matched","Mismatch","Mismatch"
"015280130","015280130","Mismatch","https://mb01.vanstro.ca/product/wall-cabinet-w302424-310","[""galleryImages"",""galleryOrder""]","W302424-PWMS-WH","W302424-PWMS-WH","{""amount"":325,""currency"":""CAD""}","{""amount"":325,""currency"":""CAD""}","Matched","Matched","Matched","Mismatch","Mismatch"
"015280230","015280130","Mismatch","https://mb01.vanstro.ca/product/wall-cabinet-w302424-310","[""galleryImages"",""galleryOrder"",""parametersSpecifications""]","W302424-PWMS-LG","W302424-PWMS-LG","{""amount"":325,""currency"":""CAD""}","{""amount"":325,""currency"":""CAD""}","Mismatch","Matched","Matched","Mismatch","Mismatch"
"015290130","015290130","Mismatch","https://mb01.vanstro.ca/product/wall-cabinet-w3030-311","[""galleryImages"",""galleryOrder""]","W3030-PWMS-WH","W3030-PWMS-WH","{""amount"":275,""currency"":""CAD""}","{""amount"":275,""currency"":""CAD""}","Matched","Matched","Matched","Mismatch","Mismatch"
"015290230","015290130","Mismatch","https://mb01.vanstro.ca/product/wall-cabinet-w3030-311","[""galleryImages"",""galleryOrder"",""parametersSpecifications""]","W3030-PWMS-LG","W3030-PWMS-LG","{""amount"":275,""currency"":""CAD""}","{""amount"":275,""currency"":""CAD""}","Mismatch","Matched","Matched","Mismatch","Mismatch"
"015290330","015290330","Mismatch","https://mb01.vanstro.ca/product/wall-cabinet-gd-w3030gd-340","[""galleryImages"",""galleryOrder""]","W3030GD-PWMS-WH","W3030GD-PWMS-WH","{""amount"":302,""currency"":""CAD""}","{""amount"":302,""currency"":""CAD""}","Matched","Matched","Matched","Mismatch","Mismatch"
"015290430","015290330","Mismatch","https://mb01.vanstro.ca/product/wall-cabinet-gd-w3030gd-340","[""galleryImages"",""galleryOrder"",""parametersSpecifications""]","W3030GD-PWMS-LG","W3030GD-PWMS-LG","{""amount"":302,""currency"":""CAD""}","{""amount"":302,""currency"":""CAD""}","Mismatch","Matched","Matched","Mismatch","Mismatch"
"015300130","015300130","Mismatch","https://mb01.vanstro.ca/product/wall-cabinet-w3036-312","[""galleryImages"",""galleryOrder""]","W3036-PWMS-WH","W3036-PWMS-WH","{""amount"":312,""currency"":""CAD""}","{""amount"":312,""currency"":""CAD""}","Matched","Matched","Matched","Mismatch","Mismatch"
"015300230","015300130","Mismatch","https://mb01.vanstro.ca/product/wall-cabinet-w3036-312","[""galleryImages"",""galleryOrder"",""parametersSpecifications""]","W3036-PWMS-LG","W3036-PWMS-LG","{""amount"":312,""currency"":""CAD""}","{""amount"":312,""currency"":""CAD""}","Mismatch","Matched","Matched","Mismatch","Mismatch"
"015300330","015300330","Mismatch","https://mb01.vanstro.ca/product/wall-cabinet-gd-w3036gd-341","[""galleryImages"",""galleryOrder""]","W3036GD-PWMS-WH","W3036GD-PWMS-WH","{""amount"":345,""currency"":""CAD""}","{""amount"":345,""currency"":""CAD""}","Matched","Matched","Matched","Mismatch","Mismatch"
"015300430","015300330","Mismatch","https://mb01.vanstro.ca/product/wall-cabinet-gd-w3036gd-341","[""galleryImages"",""galleryOrder"",""parametersSpecifications""]","W3036GD-PWMS-LG","W3036GD-PWMS-LG","{""amount"":345,""currency"":""CAD""}","{""amount"":345,""currency"":""CAD""}","Mismatch","Matched","Matched","Mismatch","Mismatch"
"015310130","015310130","Mismatch","https://mb01.vanstro.ca/product/wall-cabinet-w3042-313","[""galleryImages"",""galleryOrder""]","W3042-PWMS-WH","W3042-PWMS-WH","{""amount"":374,""currency"":""CAD""}","{""amount"":374,""currency"":""CAD""}","Matched","Matched","Matched","Mismatch","Mismatch"
"015310230","015310130","Mismatch","https://mb01.vanstro.ca/product/wall-cabinet-w3042-313","[""galleryImages"",""galleryOrder"",""parametersSpecifications""]","W3042-PWMS-LG","W3042-PWMS-LG","{""amount"":374,""currency"":""CAD""}","{""amount"":374,""currency"":""CAD""}","Mismatch","Matched","Matched","Mismatch","Mismatch"
"015310330","015310330","Mismatch","https://mb01.vanstro.ca/product/wall-cabinet-gd-w3042gd-342","[""galleryImages"",""galleryOrder""]","W3042GD-PWMS-WH","W3042GD-PWMS-WH","{""amount"":413,""currency"":""CAD""}","{""amount"":413,""currency"":""CAD""}","Matched","Matched","Matched","Mismatch","Mismatch"
"015310430","015310330","Mismatch","https://mb01.vanstro.ca/product/wall-cabinet-gd-w3042gd-342","[""galleryImages"",""galleryOrder"",""parametersSpecifications""]","W3042GD-PWMS-LG","W3042GD-PWMS-LG","{""amount"":413,""currency"":""CAD""}","{""amount"":413,""currency"":""CAD""}","Mismatch","Matched","Matched","Mismatch","Mismatch"
"015320130","015320130","Mismatch","https://mb01.vanstro.ca/product/wall-cabinet-w331224-314","[""galleryImages"",""galleryOrder""]","W331224-PWMS-WH","W331224-PWMS-WH","{""amount"":227,""currency"":""CAD""}","{""amount"":227,""currency"":""CAD""}","Matched","Matched","Matched","Mismatch","Mismatch"
"015320230","015320130","Mismatch","https://mb01.vanstro.ca/product/wall-cabinet-w331224-314","[""galleryImages"",""galleryOrder"",""parametersSpecifications""]","W331224-PWMS-LG","W331224-PWMS-LG","{""amount"":227,""currency"":""CAD""}","{""amount"":227,""currency"":""CAD""}","Mismatch","Matched","Matched","Mismatch","Mismatch"
"015330130","015330130","Mismatch","https://mb01.vanstro.ca/product/wall-cabinet-w331524-315","[""galleryImages"",""galleryOrder""]","W331524-PWMS-WH","W331524-PWMS-WH","{""amount"":246,""currency"":""CAD""}","{""amount"":246,""currency"":""CAD""}","Matched","Matched","Matched","Mismatch","Mismatch"
"015330230","015330130","Mismatch","https://mb01.vanstro.ca/product/wall-cabinet-w331524-315","[""galleryImages"",""galleryOrder"",""parametersSpecifications""]","W331524-PWMS-LG","W331524-PWMS-LG","{""amount"":246,""currency"":""CAD""}","{""amount"":246,""currency"":""CAD""}","Mismatch","Matched","Matched","Mismatch","Mismatch"
"015340130","015340130","Mismatch","https://mb01.vanstro.ca/product/wall-cabinet-w331824-316","[""galleryImages"",""galleryOrder""]","W331824-PWMS-WH","W331824-PWMS-WH","{""amount"":264,""currency"":""CAD""}","{""amount"":264,""currency"":""CAD""}","Matched","Matched","Matched","Mismatch","Mismatch"
"015340230","015340130","Mismatch","https://mb01.vanstro.ca/product/wall-cabinet-w331824-316","[""galleryImages"",""galleryOrder"",""parametersSpecifications""]","W331824-PWMS-LG","W331824-PWMS-LG","{""amount"":264,""currency"":""CAD""}","{""amount"":264,""currency"":""CAD""}","Mismatch","Matched","Matched","Mismatch","Mismatch"
"015350130","015350130","Mismatch","https://mb01.vanstro.ca/product/wall-cabinet-w3324-317","[""galleryImages"",""galleryOrder""]","W3324-PWMS-WH","W3324-PWMS-WH","{""amount"":242,""currency"":""CAD""}","{""amount"":242,""currency"":""CAD""}","Matched","Matched","Matched","Mismatch","Mismatch"
"015350230","015350130","Mismatch","https://mb01.vanstro.ca/product/wall-cabinet-w3324-317","[""galleryImages"",""galleryOrder"",""parametersSpecifications""]","W3324-PWMS-LG","W3324-PWMS-LG","{""amount"":242,""currency"":""CAD""}","{""amount"":242,""currency"":""CAD""}","Mismatch","Matched","Matched","Mismatch","Mismatch"
"015360130","015360130","Mismatch","https://mb01.vanstro.ca/product/wall-cabinet-w332424-318","[""galleryImages"",""galleryOrder""]","W332424-PWMS-WH","W332424-PWMS-WH","{""amount"":347,""currency"":""CAD""}","{""amount"":347,""currency"":""CAD""}","Matched","Matched","Matched","Mismatch","Mismatch"
"015360230","015360130","Mismatch","https://mb01.vanstro.ca/product/wall-cabinet-w332424-318","[""galleryImages"",""galleryOrder"",""parametersSpecifications""]","W332424-PWMS-LG","W332424-PWMS-LG","{""amount"":347,""currency"":""CAD""}","{""amount"":347,""currency"":""CAD""}","Mismatch","Matched","Matched","Mismatch","Mismatch"
"015370130","015370130","Mismatch","https://mb01.vanstro.ca/product/wall-cabinet-w3330-319","[""galleryImages"",""galleryOrder""]","W3330-PWMS-WH","W3330-PWMS-WH","{""amount"":295,""currency"":""CAD""}","{""amount"":295,""currency"":""CAD""}","Matched","Matched","Matched","Mismatch","Mismatch"
"015370230","015370130","Mismatch","https://mb01.vanstro.ca/product/wall-cabinet-w3330-319","[""galleryImages"",""galleryOrder"",""parametersSpecifications""]","W3330-PWMS-LG","W3330-PWMS-LG","{""amount"":295,""currency"":""CAD""}","{""amount"":295,""currency"":""CAD""}","Mismatch","Matched","Matched","Mismatch","Mismatch"
"015380130","015380130","Mismatch","https://mb01.vanstro.ca/product/wall-cabinet-w3336-320","[""galleryImages"",""galleryOrder""]","W3336-PWMS-WH","W3336-PWMS-WH","{""amount"":334,""currency"":""CAD""}","{""amount"":334,""currency"":""CAD""}","Matched","Matched","Matched","Mismatch","Mismatch"
"015380230","015380130","Mismatch","https://mb01.vanstro.ca/product/wall-cabinet-w3336-320","[""galleryImages"",""galleryOrder"",""parametersSpecifications""]","W3336-PWMS-LG","W3336-PWMS-LG","{""amount"":334,""currency"":""CAD""}","{""amount"":334,""currency"":""CAD""}","Mismatch","Matched","Matched","Mismatch","Mismatch"
"015390130","015390130","Mismatch","https://mb01.vanstro.ca/product/wall-cabinet-w3342-321","[""galleryImages"",""galleryOrder""]","W3342-PWMS-WH","W3342-PWMS-WH","{""amount"":400,""currency"":""CAD""}","{""amount"":400,""currency"":""CAD""}","Matched","Matched","Matched","Mismatch","Mismatch"
"015390230","015390130","Mismatch","https://mb01.vanstro.ca/product/wall-cabinet-w3342-321","[""galleryImages"",""galleryOrder"",""parametersSpecifications""]","W3342-PWMS-LG","W3342-PWMS-LG","{""amount"":400,""currency"":""CAD""}","{""amount"":400,""currency"":""CAD""}","Mismatch","Matched","Matched","Mismatch","Mismatch"
"015400130","015400130","Mismatch","https://mb01.vanstro.ca/product/wall-cabinet-w361224-322","[""galleryImages"",""galleryOrder""]","W361224-PWMS-WH","W361224-PWMS-WH","{""amount"":242,""currency"":""CAD""}","{""amount"":242,""currency"":""CAD""}","Matched","Matched","Matched","Mismatch","Mismatch"
"015400230","015400130","Mismatch","https://mb01.vanstro.ca/product/wall-cabinet-w361224-322","[""galleryImages"",""galleryOrder"",""parametersSpecifications""]","W361224-PWMS-LG","W361224-PWMS-LG","{""amount"":242,""currency"":""CAD""}","{""amount"":242,""currency"":""CAD""}","Mismatch","Matched","Matched","Mismatch","Mismatch"
"015410130","015410130","Mismatch","https://mb01.vanstro.ca/product/wall-cabinet-w361524-323","[""galleryImages"",""galleryOrder""]","W361524-PWMS-WH","W361524-PWMS-WH","{""amount"":262,""currency"":""CAD""}","{""amount"":262,""currency"":""CAD""}","Matched","Matched","Matched","Mismatch","Mismatch"
"015410230","015410130","Mismatch","https://mb01.vanstro.ca/product/wall-cabinet-w361524-323","[""galleryImages"",""galleryOrder"",""parametersSpecifications""]","W361524-PWMS-LG","W361524-PWMS-LG","{""amount"":262,""currency"":""CAD""}","{""amount"":262,""currency"":""CAD""}","Mismatch","Matched","Matched","Mismatch","Mismatch"
"015420130","015420130","Mismatch","https://mb01.vanstro.ca/product/wall-cabinet-w361824-324","[""galleryImages"",""galleryOrder""]","W361824-PWMS-WH","W361824-PWMS-WH","{""amount"":280,""currency"":""CAD""}","{""amount"":280,""currency"":""CAD""}","Matched","Matched","Matched","Mismatch","Mismatch"
"015420230","015420130","Mismatch","https://mb01.vanstro.ca/product/wall-cabinet-w361824-324","[""galleryImages"",""galleryOrder"",""parametersSpecifications""]","W361824-PWMS-LG","W361824-PWMS-LG","{""amount"":280,""currency"":""CAD""}","{""amount"":280,""currency"":""CAD""}","Mismatch","Matched","Matched","Mismatch","Mismatch"
"015430130","015430130","Mismatch","https://mb01.vanstro.ca/product/wall-cabinet-w3624-325","[""galleryImages"",""galleryOrder""]","W3624-PWMS-WH","W3624-PWMS-WH","{""amount"":258,""currency"":""CAD""}","{""amount"":258,""currency"":""CAD""}","Matched","Matched","Matched","Mismatch","Mismatch"
"015430230","015430130","Mismatch","https://mb01.vanstro.ca/product/wall-cabinet-w3624-325","[""galleryImages"",""galleryOrder"",""parametersSpecifications""]","W3624-PWMS-LG","W3624-PWMS-LG","{""amount"":258,""currency"":""CAD""}","{""amount"":258,""currency"":""CAD""}","Mismatch","Matched","Matched","Mismatch","Mismatch"
"015440130","015440130","Mismatch","https://mb01.vanstro.ca/product/wall-cabinet-w362424-326","[""galleryImages"",""galleryOrder""]","W362424-PWMS-WH","W362424-PWMS-WH","{""amount"":370,""currency"":""CAD""}","{""amount"":370,""currency"":""CAD""}","Matched","Matched","Matched","Mismatch","Mismatch"
"015440230","015440130","Mismatch","https://mb01.vanstro.ca/product/wall-cabinet-w362424-326","[""galleryImages"",""galleryOrder"",""parametersSpecifications""]","W362424-PWMS-LG","W362424-PWMS-LG","{""amount"":370,""currency"":""CAD""}","{""amount"":370,""currency"":""CAD""}","Mismatch","Matched","Matched","Mismatch","Mismatch"
"015450130","015450130","Mismatch","https://mb01.vanstro.ca/product/wall-cabinet-w3630-327","[""galleryImages"",""galleryOrder""]","W3630-PWMS-WH","W3630-PWMS-WH","{""amount"":315,""currency"":""CAD""}","{""amount"":315,""currency"":""CAD""}","Matched","Matched","Matched","Mismatch","Mismatch"
"015450230","015450130","Mismatch","https://mb01.vanstro.ca/product/wall-cabinet-w3630-327","[""galleryImages"",""galleryOrder"",""parametersSpecifications""]","W3630-PWMS-LG","W3630-PWMS-LG","{""amount"":315,""currency"":""CAD""}","{""amount"":315,""currency"":""CAD""}","Mismatch","Matched","Matched","Mismatch","Mismatch"
"015460130","015460130","Mismatch","https://mb01.vanstro.ca/product/wall-cabinet-w3636-328","[""galleryImages"",""galleryOrder""]","W3636-PWMS-WH","W3636-PWMS-WH","{""amount"":357,""currency"":""CAD""}","{""amount"":357,""currency"":""CAD""}","Matched","Matched","Matched","Mismatch","Mismatch"
"015460230","015460130","Mismatch","https://mb01.vanstro.ca/product/wall-cabinet-w3636-328","[""galleryImages"",""galleryOrder"",""parametersSpecifications""]","W3636-PWMS-LG","W3636-PWMS-LG","{""amount"":357,""currency"":""CAD""}","{""amount"":357,""currency"":""CAD""}","Mismatch","Matched","Matched","Mismatch","Mismatch"
"015470130","015470130","Mismatch","https://mb01.vanstro.ca/product/wall-cabinet-w3642-329","[""galleryImages"",""galleryOrder""]","W3642-PWMS-WH","W3642-PWMS-WH","{""amount"":427,""currency"":""CAD""}","{""amount"":427,""currency"":""CAD""}","Matched","Matched","Matched","Mismatch","Mismatch"
"015470230","015470130","Mismatch","https://mb01.vanstro.ca/product/wall-cabinet-w3642-329","[""galleryImages"",""galleryOrder"",""parametersSpecifications""]","W3642-PWMS-LG","W3642-PWMS-LG","{""amount"":427,""currency"":""CAD""}","{""amount"":427,""currency"":""CAD""}","Mismatch","Matched","Matched","Mismatch","Mismatch"
"015480130","015480130","Mismatch","https://mb01.vanstro.ca/product/wall-cabinet-w3930-330","[""galleryImages"",""galleryOrder""]","W3930-PWMS-WH","W3930-PWMS-WH","{""amount"":335,""currency"":""CAD""}","{""amount"":335,""currency"":""CAD""}","Matched","Matched","Matched","Mismatch","Mismatch"
"015480230","015480130","Mismatch","https://mb01.vanstro.ca/product/wall-cabinet-w3930-330","[""galleryImages"",""galleryOrder"",""parametersSpecifications""]","W3930-PWMS-LG","W3930-PWMS-LG","{""amount"":335,""currency"":""CAD""}","{""amount"":335,""currency"":""CAD""}","Mismatch","Matched","Matched","Mismatch","Mismatch"
"015490130","015490130","Mismatch","https://mb01.vanstro.ca/product/diagonal-corner-wall-dcw2430-343","[""galleryImages"",""galleryOrder""]","DCW2430-PWMS-WH","DCW2430-PWMS-WH","{""amount"":356,""currency"":""CAD""}","{""amount"":356,""currency"":""CAD""}","Matched","Matched","Matched","Mismatch","Mismatch"
"015490230","015490130","Mismatch","https://mb01.vanstro.ca/product/diagonal-corner-wall-dcw2430-343","[""galleryImages"",""galleryOrder"",""parametersSpecifications""]","DCW2430-PWMS-LG","DCW2430-PWMS-LG","{""amount"":356,""currency"":""CAD""}","{""amount"":356,""currency"":""CAD""}","Mismatch","Matched","Matched","Mismatch","Mismatch"
"015500130","015500130","Mismatch","https://mb01.vanstro.ca/product/diagonal-corner-wall-dcw2436-344","[""galleryImages"",""galleryOrder""]","DCW2436-PWMS-WH","DCW2436-PWMS-WH","{""amount"":389,""currency"":""CAD""}","{""amount"":389,""currency"":""CAD""}","Matched","Matched","Matched","Mismatch","Mismatch"
"015500230","015500130","Mismatch","https://mb01.vanstro.ca/product/diagonal-corner-wall-dcw2436-344","[""galleryImages"",""galleryOrder"",""parametersSpecifications""]","DCW2436-PWMS-LG","DCW2436-PWMS-LG","{""amount"":389,""currency"":""CAD""}","{""amount"":389,""currency"":""CAD""}","Mismatch","Matched","Matched","Mismatch","Mismatch"
"015510130","015510130","Mismatch","https://mb01.vanstro.ca/product/diagonal-corner-wall-dcw2442-345","[""galleryImages"",""galleryOrder""]","DCW2442-PWMS-WH","DCW2442-PWMS-WH","{""amount"":469,""currency"":""CAD""}","{""amount"":469,""currency"":""CAD""}","Matched","Matched","Matched","Mismatch","Mismatch"
"015510230","015510130","Mismatch","https://mb01.vanstro.ca/product/diagonal-corner-wall-dcw2442-345","[""galleryImages"",""galleryOrder"",""parametersSpecifications""]","DCW2442-PWMS-LG","DCW2442-PWMS-LG","{""amount"":469,""currency"":""CAD""}","{""amount"":469,""currency"":""CAD""}","Mismatch","Matched","Matched","Mismatch","Mismatch"
"015520532","015520532","Mismatch","https://mb01.vanstro.ca/product/open-end-shelf-oe630-349","[""galleryImages"",""galleryOrder""]","OE630-PWMS-WH","OE630-PWMS-WH","{""amount"":61,""currency"":""CAD""}","{""amount"":61,""currency"":""CAD""}","Matched","Matched","Matched","Mismatch","Mismatch"
"015520632","015520532","Mismatch","https://mb01.vanstro.ca/product/open-end-shelf-oe630-349","[""galleryImages"",""galleryOrder"",""parametersSpecifications""]","OE630-PWMS-LG","OE630-PWMS-LG","{""amount"":61,""currency"":""CAD""}","{""amount"":61,""currency"":""CAD""}","Mismatch","Matched","Matched","Mismatch","Mismatch"
"015530532","015530532","Mismatch","https://mb01.vanstro.ca/product/open-end-shelf-oe636-350","[""galleryImages"",""galleryOrder""]","OE636-PWMS-WH","OE636-PWMS-WH","{""amount"":73,""currency"":""CAD""}","{""amount"":73,""currency"":""CAD""}","Matched","Matched","Matched","Mismatch","Mismatch"
"015530632","015530532","Mismatch","https://mb01.vanstro.ca/product/open-end-shelf-oe636-350","[""galleryImages"",""galleryOrder"",""parametersSpecifications""]","OE636-PWMS-LG","OE636-PWMS-LG","{""amount"":73,""currency"":""CAD""}","{""amount"":73,""currency"":""CAD""}","Mismatch","Matched","Matched","Mismatch","Mismatch"
"015540532","015540532","Mismatch","https://mb01.vanstro.ca/product/open-end-shelf-oe642-351","[""galleryImages"",""galleryOrder""]","OE642-PWMS-WH","OE642-PWMS-WH","{""amount"":82,""currency"":""CAD""}","{""amount"":82,""currency"":""CAD""}","Matched","Matched","Matched","Mismatch","Mismatch"
"015540632","015540532","Mismatch","https://mb01.vanstro.ca/product/open-end-shelf-oe642-351","[""galleryImages"",""galleryOrder"",""parametersSpecifications""]","OE642-PWMS-LG","OE642-PWMS-LG","{""amount"":82,""currency"":""CAD""}","{""amount"":82,""currency"":""CAD""}","Mismatch","Matched","Matched","Mismatch","Mismatch"
"016290130","016290130","Mismatch","https://mb01.vanstro.ca/product/microwave-cabinet-mo3030-346","[""galleryImages"",""galleryOrder""]","MO3030-PWMS-WH","MO3030-PWMS-WH","{""amount"":231,""currency"":""CAD""}","{""amount"":231,""currency"":""CAD""}","Matched","Matched","Matched","Mismatch","Mismatch"
"016290230","016290130","Mismatch","https://mb01.vanstro.ca/product/microwave-cabinet-mo3030-346","[""galleryImages"",""galleryOrder"",""parametersSpecifications""]","MO3030-PWMS-LG","MO3030-PWMS-LG","{""amount"":231,""currency"":""CAD""}","{""amount"":231,""currency"":""CAD""}","Mismatch","Matched","Matched","Mismatch","Mismatch"
"016300130","016300130","Mismatch","https://mb01.vanstro.ca/product/microwave-cabinet-mo3036-347","[""galleryImages"",""galleryOrder""]","MO3036-PWMS-WH","MO3036-PWMS-WH","{""amount"":267,""currency"":""CAD""}","{""amount"":267,""currency"":""CAD""}","Matched","Matched","Matched","Mismatch","Mismatch"
"016300230","016300130","Mismatch","https://mb01.vanstro.ca/product/microwave-cabinet-mo3036-347","[""galleryImages"",""galleryOrder"",""parametersSpecifications""]","MO3036-PWMS-LG","MO3036-PWMS-LG","{""amount"":267,""currency"":""CAD""}","{""amount"":267,""currency"":""CAD""}","Mismatch","Matched","Matched","Mismatch","Mismatch"
"016310130","016310130","Mismatch","https://mb01.vanstro.ca/product/microwave-cabinet-mo3042-348","[""galleryImages"",""galleryOrder""]","MO3042-PWMS-WH","MO3042-PWMS-WH","{""amount"":316,""currency"":""CAD""}","{""amount"":316,""currency"":""CAD""}","Matched","Matched","Matched","Mismatch","Mismatch"
"016310230","016310130","Mismatch","https://mb01.vanstro.ca/product/microwave-cabinet-mo3042-348","[""galleryImages"",""galleryOrder"",""parametersSpecifications""]","MO3042-PWMS-LG","MO3042-PWMS-LG","{""amount"":316,""currency"":""CAD""}","{""amount"":316,""currency"":""CAD""}","Mismatch","Matched","Matched","Mismatch","Mismatch"
"017550130","017550130","Mismatch","https://mb01.vanstro.ca/product/tall-cabinet-u188424-352","[""galleryImages"",""galleryOrder""]","U188424-PWMS-WH","U188424-PWMS-WH","{""amount"":669,""currency"":""CAD""}","{""amount"":669,""currency"":""CAD""}","Matched","Matched","Matched","Mismatch","Mismatch"
"017550230","017550130","Mismatch","https://mb01.vanstro.ca/product/tall-cabinet-u188424-352","[""galleryImages"",""galleryOrder"",""parametersSpecifications""]","U188424-PWMS-LG","U188424-PWMS-LG","{""amount"":669,""currency"":""CAD""}","{""amount"":669,""currency"":""CAD""}","Mismatch","Matched","Matched","Mismatch","Mismatch"
"017560130","017560130","Mismatch","https://mb01.vanstro.ca/product/tall-cabinet-u189024-353","[""galleryImages"",""galleryOrder""]","U189024-PWMS-WH","U189024-PWMS-WH","{""amount"":699,""currency"":""CAD""}","{""amount"":699,""currency"":""CAD""}","Matched","Matched","Matched","Mismatch","Mismatch"
"017560230","017560130","Mismatch","https://mb01.vanstro.ca/product/tall-cabinet-u189024-353","[""galleryImages"",""galleryOrder"",""parametersSpecifications""]","U189024-PWMS-LG","U189024-PWMS-LG","{""amount"":699,""currency"":""CAD""}","{""amount"":699,""currency"":""CAD""}","Mismatch","Matched","Matched","Mismatch","Mismatch"
"017570130","017570130","Mismatch","https://mb01.vanstro.ca/product/tall-cabinet-u189624-354","[""galleryImages"",""galleryOrder""]","U189624-PWMS-WH","U189624-PWMS-WH","{""amount"":759,""currency"":""CAD""}","{""amount"":759,""currency"":""CAD""}","Matched","Matched","Matched","Mismatch","Mismatch"
"017570230","017570130","Mismatch","https://mb01.vanstro.ca/product/tall-cabinet-u189624-354","[""galleryImages"",""galleryOrder"",""parametersSpecifications""]","U189624-PWMS-LG","U189624-PWMS-LG","{""amount"":759,""currency"":""CAD""}","{""amount"":759,""currency"":""CAD""}","Mismatch","Matched","Matched","Mismatch","Mismatch"
"017580130","017580130","Mismatch","https://mb01.vanstro.ca/product/tall-cabinet-u248424-355","[""galleryImages"",""galleryOrder""]","U248424-PWMS-WH","U248424-PWMS-WH","{""amount"":821,""currency"":""CAD""}","{""amount"":821,""currency"":""CAD""}","Matched","Matched","Matched","Mismatch","Mismatch"
"017580230","017580130","Mismatch","https://mb01.vanstro.ca/product/tall-cabinet-u248424-355","[""galleryImages"",""galleryOrder"",""parametersSpecifications""]","U248424-PWMS-LG","U248424-PWMS-LG","{""amount"":821,""currency"":""CAD""}","{""amount"":821,""currency"":""CAD""}","Mismatch","Matched","Matched","Mismatch","Mismatch"
"017590130","017590130","Mismatch","https://mb01.vanstro.ca/product/tall-cabinet-u249024-356","[""galleryImages"",""galleryOrder""]","U249024-PWMS-WH","U249024-PWMS-WH","{""amount"":855,""currency"":""CAD""}","{""amount"":855,""currency"":""CAD""}","Matched","Matched","Matched","Mismatch","Mismatch"
"017590230","017590130","Mismatch","https://mb01.vanstro.ca/product/tall-cabinet-u249024-356","[""galleryImages"",""galleryOrder"",""parametersSpecifications""]","U249024-PWMS-LG","U249024-PWMS-LG","{""amount"":855,""currency"":""CAD""}","{""amount"":855,""currency"":""CAD""}","Mismatch","Matched","Matched","Mismatch","Mismatch"
"017600130","017600130","Mismatch","https://mb01.vanstro.ca/product/tall-cabinet-u249624-357","[""galleryImages"",""galleryOrder""]","U249624-PWMS-WH","U249624-PWMS-WH","{""amount"":933,""currency"":""CAD""}","{""amount"":933,""currency"":""CAD""}","Matched","Matched","Matched","Mismatch","Mismatch"
"017600230","017600130","Mismatch","https://mb01.vanstro.ca/product/tall-cabinet-u249624-357","[""galleryImages"",""galleryOrder"",""parametersSpecifications""]","U249624-PWMS-LG","U249624-PWMS-LG","{""amount"":933,""currency"":""CAD""}","{""amount"":933,""currency"":""CAD""}","Mismatch","Matched","Matched","Mismatch","Mismatch"
"017610130","017610130","Mismatch","https://mb01.vanstro.ca/product/tall-cabinet-u308424-358","[""galleryImages"",""galleryOrder""]","U308424-PWMS-WH","U308424-PWMS-WH","{""amount"":949,""currency"":""CAD""}","{""amount"":949,""currency"":""CAD""}","Matched","Matched","Matched","Mismatch","Mismatch"
"017610230","017610130","Mismatch","https://mb01.vanstro.ca/product/tall-cabinet-u308424-358","[""galleryImages"",""galleryOrder"",""parametersSpecifications""]","U308424-PWMS-LG","U308424-PWMS-LG","{""amount"":949,""currency"":""CAD""}","{""amount"":949,""currency"":""CAD""}","Mismatch","Matched","Matched","Mismatch","Mismatch"
"017620130","017620130","Mismatch","https://mb01.vanstro.ca/product/tall-cabinet-u309024-359","[""galleryImages"",""galleryOrder""]","U309024-PWMS-WH","U309024-PWMS-WH","{""amount"":986,""currency"":""CAD""}","{""amount"":986,""currency"":""CAD""}","Matched","Matched","Matched","Mismatch","Mismatch"
"017620230","017620130","Mismatch","https://mb01.vanstro.ca/product/tall-cabinet-u309024-359","[""galleryImages"",""galleryOrder"",""parametersSpecifications""]","U309024-PWMS-LG","U309024-PWMS-LG","{""amount"":986,""currency"":""CAD""}","{""amount"":986,""currency"":""CAD""}","Mismatch","Matched","Matched","Mismatch","Mismatch"
"017630130","017630130","Mismatch","https://mb01.vanstro.ca/product/tall-cabinet-u309624-360","[""galleryImages"",""galleryOrder""]","U309624-PWMS-WH","U309624-PWMS-WH","{""amount"":1077,""currency"":""CAD""}","{""amount"":1077,""currency"":""CAD""}","Matched","Matched","Matched","Mismatch","Mismatch"
"017630230","017630130","Mismatch","https://mb01.vanstro.ca/product/tall-cabinet-u309624-360","[""galleryImages"",""galleryOrder"",""parametersSpecifications""]","U309624-PWMS-LG","U309624-PWMS-LG","{""amount"":1077,""currency"":""CAD""}","{""amount"":1077,""currency"":""CAD""}","Mismatch","Matched","Matched","Mismatch","Mismatch"
"017640130","017640130","Mismatch","https://mb01.vanstro.ca/product/oven-tall-cabinet-o308424-361","[""galleryImages"",""galleryOrder""]","O308424-PWMS-WH","O308424-PWMS-WH","{""amount"":1045,""currency"":""CAD""}","{""amount"":1045,""currency"":""CAD""}","Matched","Matched","Matched","Mismatch","Mismatch"
"017640230","017640130","Mismatch","https://mb01.vanstro.ca/product/oven-tall-cabinet-o308424-361","[""galleryImages"",""galleryOrder"",""parametersSpecifications""]","O308424-PWMS-LG","O308424-PWMS-LG","{""amount"":1045,""currency"":""CAD""}","{""amount"":1045,""currency"":""CAD""}","Mismatch","Matched","Matched","Mismatch","Mismatch"
"017650130","017650130","Mismatch","https://mb01.vanstro.ca/product/oven-tall-cabinet-o309024-362","[""galleryImages"",""galleryOrder""]","O309024-PWMS-WH","O309024-PWMS-WH","{""amount"":1123,""currency"":""CAD""}","{""amount"":1123,""currency"":""CAD""}","Matched","Matched","Matched","Mismatch","Mismatch"
"017650230","017650130","Mismatch","https://mb01.vanstro.ca/product/oven-tall-cabinet-o309024-362","[""galleryImages"",""galleryOrder"",""parametersSpecifications""]","O309024-PWMS-LG","O309024-PWMS-LG","{""amount"":1123,""currency"":""CAD""}","{""amount"":1123,""currency"":""CAD""}","Mismatch","Matched","Matched","Mismatch","Mismatch"
"017660130","017660130","Mismatch","https://mb01.vanstro.ca/product/oven-tall-cabinet-o309624-363","[""galleryImages"",""galleryOrder""]","O309624-PWMS-WH","O309624-PWMS-WH","{""amount"":1200,""currency"":""CAD""}","{""amount"":1200,""currency"":""CAD""}","Matched","Matched","Matched","Mismatch","Mismatch"
"017660230","017660130","Mismatch","https://mb01.vanstro.ca/product/oven-tall-cabinet-o309624-363","[""galleryImages"",""galleryOrder"",""parametersSpecifications""]","O309624-PWMS-LG","O309624-PWMS-LG","{""amount"":1200,""currency"":""CAD""}","{""amount"":1200,""currency"":""CAD""}","Mismatch","Matched","Matched","Mismatch","Mismatch"
"017670130","017670130","Mismatch","https://mb01.vanstro.ca/product/oven-tall-cabinet-o338424-364","[""galleryImages"",""galleryOrder""]","O338424-PWMS-WH","O338424-PWMS-WH","{""amount"":1100,""currency"":""CAD""}","{""amount"":1100,""currency"":""CAD""}","Matched","Matched","Matched","Mismatch","Mismatch"
"017670230","017670130","Mismatch","https://mb01.vanstro.ca/product/oven-tall-cabinet-o338424-364","[""galleryImages"",""galleryOrder"",""parametersSpecifications""]","O338424-PWMS-LG","O338424-PWMS-LG","{""amount"":1100,""currency"":""CAD""}","{""amount"":1100,""currency"":""CAD""}","Mismatch","Matched","Matched","Mismatch","Mismatch"
"017680130","017680130","Mismatch","https://mb01.vanstro.ca/product/oven-tall-cabinet-o339024-365","[""galleryImages"",""galleryOrder""]","O339024-PWMS-WH","O339024-PWMS-WH","{""amount"":1183,""currency"":""CAD""}","{""amount"":1183,""currency"":""CAD""}","Matched","Matched","Matched","Mismatch","Mismatch"
"017680230","017680130","Mismatch","https://mb01.vanstro.ca/product/oven-tall-cabinet-o339024-365","[""galleryImages"",""galleryOrder"",""parametersSpecifications""]","O339024-PWMS-LG","O339024-PWMS-LG","{""amount"":1183,""currency"":""CAD""}","{""amount"":1183,""currency"":""CAD""}","Mismatch","Matched","Matched","Mismatch","Mismatch"
"017690130","017690130","Mismatch","https://mb01.vanstro.ca/product/tall-cabinet-o339624-366","[""galleryImages"",""galleryOrder""]","O339624-PWMS-WH","O339624-PWMS-WH","{""amount"":1267,""currency"":""CAD""}","{""amount"":1267,""currency"":""CAD""}","Matched","Matched","Matched","Mismatch","Mismatch"
"017690230","017690130","Mismatch","https://mb01.vanstro.ca/product/tall-cabinet-o339624-366","[""galleryImages"",""galleryOrder"",""parametersSpecifications""]","O339624-PWMS-LG","O339624-PWMS-LG","{""amount"":1267,""currency"":""CAD""}","{""amount"":1267,""currency"":""CAD""}","Mismatch","Matched","Matched","Mismatch","Mismatch"
"018810742","018810742","Mismatch","https://mb01.vanstro.ca/product/filler-f342-373","[""galleryImages"",""galleryOrder""]","F342-MS-WH","F342-MS-WH","{""amount"":10,""currency"":""CAD""}","{""amount"":10,""currency"":""CAD""}","Matched","Matched","Matched","Mismatch","Mismatch"
"018810842","018810742","Mismatch","https://mb01.vanstro.ca/product/filler-f342-373","[""galleryImages"",""galleryOrder"",""parametersSpecifications""]","F342-MS-LG","F342-MS-LG","{""amount"":10,""currency"":""CAD""}","{""amount"":10,""currency"":""CAD""}","Mismatch","Matched","Matched","Mismatch","Mismatch"
"018820742","018820742","Mismatch","https://mb01.vanstro.ca/product/tall-filler-f396-375","[""galleryImages"",""galleryOrder""]","F396-MS-WH","F396-MS-WH","{""amount"":24,""currency"":""CAD""}","{""amount"":24,""currency"":""CAD""}","Matched","Matched","Matched","Mismatch","Mismatch"
"018820842","018820742","Mismatch","https://mb01.vanstro.ca/product/tall-filler-f396-375","[""galleryImages"",""galleryOrder"",""parametersSpecifications""]","F396-MS-LG","F396-MS-LG","{""amount"":24,""currency"":""CAD""}","{""amount"":24,""currency"":""CAD""}","Mismatch","Matched","Matched","Mismatch","Mismatch"
"018830742","018830742","Mismatch","https://mb01.vanstro.ca/product/filler-f642-374","[""galleryImages"",""galleryOrder""]","F642-MS-WH","F642-MS-WH","{""amount"":21,""currency"":""CAD""}","{""amount"":21,""currency"":""CAD""}","Matched","Matched","Matched","Mismatch","Mismatch"
"018830842","018830742","Mismatch","https://mb01.vanstro.ca/product/filler-f642-374","[""galleryImages"",""galleryOrder"",""parametersSpecifications""]","F642-MS-LG","F642-MS-LG","{""amount"":21,""currency"":""CAD""}","{""amount"":21,""currency"":""CAD""}","Mismatch","Matched","Matched","Mismatch","Mismatch"
"018840742","018840742","Mismatch","https://mb01.vanstro.ca/product/tall-filler-f696-376","[""galleryImages"",""galleryOrder""]","F696-MS-WH","F696-MS-WH","{""amount"":49,""currency"":""CAD""}","{""amount"":49,""currency"":""CAD""}","Matched","Matched","Matched","Mismatch","Mismatch"
"018840842","018840742","Mismatch","https://mb01.vanstro.ca/product/tall-filler-f696-376","[""galleryImages"",""galleryOrder"",""parametersSpecifications""]","F696-MS-LG","F696-MS-LG","{""amount"":49,""currency"":""CAD""}","{""amount"":49,""currency"":""CAD""}","Mismatch","Matched","Matched","Mismatch","Mismatch"
"018850942","018850942","Mismatch","https://mb01.vanstro.ca/product/base-end-panel-vep2230-380","[""galleryImages"",""galleryOrder""]","VEP2230-MS-WH","VEP2230-MS-WH","{""amount"":54,""currency"":""CAD""}","{""amount"":54,""currency"":""CAD""}","Matched","Matched","Matched","Mismatch","Mismatch"
"018851042","018850942","Mismatch","https://mb01.vanstro.ca/product/base-end-panel-vep2230-380","[""galleryImages"",""galleryOrder"",""parametersSpecifications""]","VEP2230-MS-LG","VEP2230-MS-LG","{""amount"":54,""currency"":""CAD""}","{""amount"":54,""currency"":""CAD""}","Mismatch","Matched","Matched","Mismatch","Mismatch"
"018860942","018860942","Mismatch","https://mb01.vanstro.ca/product/base-end-panel-bep2535-381","[""galleryImages"",""galleryOrder""]","BEP2535-MS-WH","BEP2535-MS-WH","{""amount"":71,""currency"":""CAD""}","{""amount"":71,""currency"":""CAD""}","Matched","Matched","Matched","Mismatch","Mismatch"
"018861042","018860942","Mismatch","https://mb01.vanstro.ca/product/base-end-panel-bep2535-381","[""galleryImages"",""galleryOrder"",""parametersSpecifications""]","BEP2535-MS-LG","BEP2535-MS-LG","{""amount"":71,""currency"":""CAD""}","{""amount"":71,""currency"":""CAD""}","Mismatch","Matched","Matched","Mismatch","Mismatch"
"018870942","018870942","Mismatch","https://mb01.vanstro.ca/product/tall-end-panel-tep2596-382","[""galleryImages"",""galleryOrder""]","TEP2596-MS-WH","TEP2596-MS-WH","{""amount"":197,""currency"":""CAD""}","{""amount"":197,""currency"":""CAD""}","Matched","Matched","Matched","Mismatch","Mismatch"
"018871042","018870942","Mismatch","https://mb01.vanstro.ca/product/tall-end-panel-tep2596-382","[""galleryImages"",""galleryOrder"",""parametersSpecifications""]","TEP2596-MS-LG","TEP2596-MS-LG","{""amount"":197,""currency"":""CAD""}","{""amount"":197,""currency"":""CAD""}","Mismatch","Matched","Matched","Mismatch","Mismatch"
"018880942","018880942","Mismatch","https://mb01.vanstro.ca/product/tall-end-panel-tep3596-383","[""galleryImages"",""galleryOrder""]","TEP3596-MS-WH","TEP3596-MS-WH","{""amount"":276,""currency"":""CAD""}","{""amount"":276,""currency"":""CAD""}","Matched","Matched","Matched","Mismatch","Mismatch"
"018881042","018880942","Mismatch","https://mb01.vanstro.ca/product/tall-end-panel-tep3596-383","[""galleryImages"",""galleryOrder"",""parametersSpecifications""]","TEP3596-MS-LG","TEP3596-MS-LG","{""amount"":276,""currency"":""CAD""}","{""amount"":276,""currency"":""CAD""}","Mismatch","Matched","Matched","Mismatch","Mismatch"
"018910942","018910942","Mismatch","https://mb01.vanstro.ca/product/wall-end-panel-wep1230-377","[""galleryImages"",""galleryOrder""]","WEP1230-MS-WH","WEP1230-MS-WH","{""amount"":31,""currency"":""CAD""}","{""amount"":31,""currency"":""CAD""}","Matched","Matched","Matched","Mismatch","Mismatch"
"018911042","018910942","Mismatch","https://mb01.vanstro.ca/product/wall-end-panel-wep1230-377","[""galleryImages"",""galleryOrder"",""parametersSpecifications""]","WEP1230-MS-LG","WEP1230-MS-LG","{""amount"":31,""currency"":""CAD""}","{""amount"":31,""currency"":""CAD""}","Mismatch","Matched","Matched","Mismatch","Mismatch"
"018920942","018920942","Mismatch","https://mb01.vanstro.ca/product/wall-end-panel-wep1236-378","[""galleryImages"",""galleryOrder""]","WEP1236-MS-WH","WEP1236-MS-WH","{""amount"":37,""currency"":""CAD""}","{""amount"":37,""currency"":""CAD""}","Matched","Matched","Matched","Mismatch","Mismatch"
"018921042","018920942","Mismatch","https://mb01.vanstro.ca/product/wall-end-panel-wep1236-378","[""galleryImages"",""galleryOrder"",""parametersSpecifications""]","WEP1236-MS-LG","WEP1236-MS-LG","{""amount"":37,""currency"":""CAD""}","{""amount"":37,""currency"":""CAD""}","Mismatch","Matched","Matched","Mismatch","Mismatch"
"018930942","018930942","Mismatch","https://mb01.vanstro.ca/product/wall-end-panel-wep1242-379","[""galleryImages"",""galleryOrder""]","WEP1242-MS-WH","WEP1242-MS-WH","{""amount"":44,""currency"":""CAD""}","{""amount"":44,""currency"":""CAD""}","Matched","Matched","Matched","Mismatch","Mismatch"
"018931042","018930942","Mismatch","https://mb01.vanstro.ca/product/wall-end-panel-wep1242-379","[""galleryImages"",""galleryOrder"",""parametersSpecifications""]","WEP1242-MS-LG","WEP1242-MS-LG","{""amount"":44,""currency"":""CAD""}","{""amount"":44,""currency"":""CAD""}","Mismatch","Matched","Matched","Mismatch","Mismatch"
"019890142","019890142","Mismatch","https://mb01.vanstro.ca/product/toe-kick-tkc-ms-371","[""galleryImages"",""galleryOrder""]","TKC-MS-WH","TKC-MS-WH","{""amount"":36,""currency"":""CAD""}","{""amount"":36,""currency"":""CAD""}","Matched","Matched","Matched","Mismatch","Mismatch"
"019890242","019890142","Mismatch","https://mb01.vanstro.ca/product/toe-kick-tkc-ms-371","[""galleryImages"",""galleryOrder"",""parametersSpecifications""]","TKC-MS-LG","TKC-MS-LG","{""amount"":36,""currency"":""CAD""}","{""amount"":36,""currency"":""CAD""}","Mismatch","Matched","Matched","Mismatch","Mismatch"
"019900142","019900142","Mismatch","https://mb01.vanstro.ca/product/decorative-moulding-bcm8-dcm-372","[""galleryImages"",""galleryOrder""]","BCM8(DCM)-MS-WH","BCM8(DCM)-MS-WH","{""amount"":169,""currency"":""CAD""}","{""amount"":169,""currency"":""CAD""}","Matched","Matched","Matched","Mismatch","Mismatch"
"019900242","019900142","Mismatch","https://mb01.vanstro.ca/product/decorative-moulding-bcm8-dcm-372","[""galleryImages"",""galleryOrder"",""parametersSpecifications""]","BCM8(DCM)-MS-LG","BCM8(DCM)-MS-LG","{""amount"":169,""currency"":""CAD""}","{""amount"":169,""currency"":""CAD""}","Mismatch","Matched","Matched","Mismatch","Mismatch"
"022421011","022421011","Mismatch","https://mb01.vanstro.ca/product/vanity-cabinet-vs24-384","[""galleryImages"",""galleryOrder""]","VS24-PWMS-WH-TOP","VS24-PWMS-WH-TOP","{""amount"":361,""currency"":""CAD""}","{""amount"":361,""currency"":""CAD""}","Matched","Matched","Matched","Mismatch","Mismatch"
"022421012","022421011","Missing Locally","https://mb01.vanstro.ca/product/vanity-cabinet-vs24-384","[]","null","null","null","null","null","null","null","null","null"
"022421013","022421011","Mismatch","https://mb01.vanstro.ca/product/vanity-cabinet-vs24-384","[""galleryImages"",""galleryOrder"",""parametersSpecifications""]","VS24-PWMS-LG-TOP","VS24-PWMS-LG-TOP","{""amount"":361,""currency"":""CAD""}","{""amount"":361,""currency"":""CAD""}","Mismatch","Matched","Matched","Mismatch","Mismatch"
"022421014","022421011","Missing Locally","https://mb01.vanstro.ca/product/vanity-cabinet-vs24-384","[]","null","null","null","null","null","null","null","null","null"
"022721011","022721011","Mismatch","https://mb01.vanstro.ca/product/vanity-cabinet-vs27-404","[""galleryImages"",""galleryOrder""]","VS27-PWMS-WH-TOP","VS27-PWMS-WH-TOP","{""amount"":387,""currency"":""CAD""}","{""amount"":387,""currency"":""CAD""}","Matched","Matched","Matched","Mismatch","Mismatch"
"022721012","022721011","Missing Locally","https://mb01.vanstro.ca/product/vanity-cabinet-vs27-404","[]","null","null","null","null","null","null","null","null","null"
"022721013","022721011","Mismatch","https://mb01.vanstro.ca/product/vanity-cabinet-vs27-404","[""galleryImages"",""galleryOrder"",""parametersSpecifications""]","VS27-PWMS-LG-TOP","VS27-PWMS-LG-TOP","{""amount"":387,""currency"":""CAD""}","{""amount"":387,""currency"":""CAD""}","Mismatch","Matched","Matched","Mismatch","Mismatch"
"022721014","022721011","Missing Locally","https://mb01.vanstro.ca/product/vanity-cabinet-vs27-404","[]","null","null","null","null","null","null","null","null","null"
"023021011","023021011","Mismatch","https://mb01.vanstro.ca/product/vanity-cabinet-vs30-405","[""galleryImages"",""galleryOrder""]","VS30-PWMS-WH-TOP","VS30-PWMS-WH-TOP","{""amount"":404,""currency"":""CAD""}","{""amount"":404,""currency"":""CAD""}","Matched","Matched","Matched","Mismatch","Mismatch"
"023021012","023021011","Missing Locally","https://mb01.vanstro.ca/product/vanity-cabinet-vs30-405","[]","null","null","null","null","null","null","null","null","null"
"023021013","023021011","Mismatch","https://mb01.vanstro.ca/product/vanity-cabinet-vs30-405","[""galleryImages"",""galleryOrder"",""parametersSpecifications""]","VS30-PWMS-LG-TOP","VS30-PWMS-LG-TOP","{""amount"":404,""currency"":""CAD""}","{""amount"":404,""currency"":""CAD""}","Mismatch","Matched","Matched","Mismatch","Mismatch"
"023021014","023021011","Missing Locally","https://mb01.vanstro.ca/product/vanity-cabinet-vs30-405","[]","null","null","null","null","null","null","null","null","null"
"023021211","023021211","Mismatch","https://mb01.vanstro.ca/product/vanity-cabinet-v3021-door-tdr-398","[""galleryImages"",""galleryOrder""]","V3021STDR-PWMS-WH-TOP","V3021STDR-PWMS-WH-TOP","{""amount"":538,""currency"":""CAD""}","{""amount"":538,""currency"":""CAD""}","Matched","Matched","Matched","Mismatch","Mismatch"
"023021212","023021211","Missing Locally","https://mb01.vanstro.ca/product/vanity-cabinet-v3021-door-tdr-398","[]","null","null","null","null","null","null","null","null","null"
"023021213","023021211","Mismatch","https://mb01.vanstro.ca/product/vanity-cabinet-v3021-door-tdr-398","[""galleryImages"",""galleryOrder"",""parametersSpecifications""]","V3021STDR-PWMS-LG-TOP","V3021STDR-PWMS-LG-TOP","{""amount"":538,""currency"":""CAD""}","{""amount"":538,""currency"":""CAD""}","Mismatch","Matched","Matched","Mismatch","Mismatch"
"023021214","023021211","Missing Locally","https://mb01.vanstro.ca/product/vanity-cabinet-v3021-door-tdr-398","[]","null","null","null","null","null","null","null","null","null"
"023021311","023021311","Mismatch","https://mb01.vanstro.ca/product/vanity-cabinet-v3021-door-tdl-400","[""galleryImages"",""galleryOrder""]","V3021STDL-PWMS-WH-TOP","V3021STDL-PWMS-WH-TOP","{""amount"":538,""currency"":""CAD""}","{""amount"":538,""currency"":""CAD""}","Matched","Matched","Matched","Mismatch","Mismatch"
"023021312","023021311","Missing Locally","https://mb01.vanstro.ca/product/vanity-cabinet-v3021-door-tdl-400","[]","null","null","null","null","null","null","null","null","null"
"023021313","023021311","Mismatch","https://mb01.vanstro.ca/product/vanity-cabinet-v3021-door-tdl-400","[""galleryImages"",""galleryOrder"",""parametersSpecifications""]","V3021STDL-PWMS-LG-TOP","V3021STDL-PWMS-LG-TOP","{""amount"":538,""currency"":""CAD""}","{""amount"":538,""currency"":""CAD""}","Mismatch","Matched","Matched","Mismatch","Mismatch"
"023021314","023021311","Missing Locally","https://mb01.vanstro.ca/product/vanity-cabinet-v3021-door-tdl-400","[]","null","null","null","null","null","null","null","null","null"
"023021411","023021411","Mismatch","https://mb01.vanstro.ca/product/vanity-cabinet-v3021-doors-tdr-414","[""galleryImages"",""galleryOrder""]","V3021TDR-PWMS-WH-TOP","V3021TDR-PWMS-WH-TOP","{""amount"":554,""currency"":""CAD""}","{""amount"":554,""currency"":""CAD""}","Matched","Matched","Matched","Mismatch","Mismatch"
"023021412","023021411","Missing Locally","https://mb01.vanstro.ca/product/vanity-cabinet-v3021-doors-tdr-414","[]","null","null","null","null","null","null","null","null","null"
"023021413","023021411","Mismatch","https://mb01.vanstro.ca/product/vanity-cabinet-v3021-doors-tdr-414","[""galleryImages"",""galleryOrder"",""parametersSpecifications""]","V3021TDR-PWMS-LG-TOP","V3021TDR-PWMS-LG-TOP","{""amount"":554,""currency"":""CAD""}","{""amount"":554,""currency"":""CAD""}","Mismatch","Matched","Matched","Mismatch","Mismatch"
"023021414","023021411","Missing Locally","https://mb01.vanstro.ca/product/vanity-cabinet-v3021-doors-tdr-414","[]","null","null","null","null","null","null","null","null","null"
"023021511","023021511","Mismatch","https://mb01.vanstro.ca/product/vanity-cabinet-v3021-doors-tdl-415","[""galleryImages"",""galleryOrder""]","V3021TDL-PWMS-WH-TOP","V3021TDL-PWMS-WH-TOP","{""amount"":554,""currency"":""CAD""}","{""amount"":554,""currency"":""CAD""}","Matched","Matched","Matched","Mismatch","Mismatch"
"023021512","023021511","Missing Locally","https://mb01.vanstro.ca/product/vanity-cabinet-v3021-doors-tdl-415","[]","null","null","null","null","null","null","null","null","null"
"023021513","023021511","Mismatch","https://mb01.vanstro.ca/product/vanity-cabinet-v3021-doors-tdl-415","[""galleryImages"",""galleryOrder"",""parametersSpecifications""]","V3021TDL-PWMS-LG-TOP","V3021TDL-PWMS-LG-TOP","{""amount"":554,""currency"":""CAD""}","{""amount"":554,""currency"":""CAD""}","Mismatch","Matched","Matched","Mismatch","Mismatch"
"023021514","023021511","Missing Locally","https://mb01.vanstro.ca/product/vanity-cabinet-v3021-doors-tdl-415","[]","null","null","null","null","null","null","null","null","null"
"023621011","023621011","Mismatch","https://mb01.vanstro.ca/product/vanity-cabinet-vs36-406","[""galleryImages"",""galleryOrder""]","VS36-PWMS-WH-TOP","VS36-PWMS-WH-TOP","{""amount"":437,""currency"":""CAD""}","{""amount"":437,""currency"":""CAD""}","Matched","Matched","Matched","Mismatch","Mismatch"
"023621012","023621011","Missing Locally","https://mb01.vanstro.ca/product/vanity-cabinet-vs36-406","[]","null","null","null","null","null","null","null","null","null"
"023621013","023621011","Mismatch","https://mb01.vanstro.ca/product/vanity-cabinet-vs36-406","[""galleryImages"",""galleryOrder"",""parametersSpecifications""]","VS36-PWMS-LG-TOP","VS36-PWMS-LG-TOP","{""amount"":437,""currency"":""CAD""}","{""amount"":437,""currency"":""CAD""}","Mismatch","Matched","Matched","Mismatch","Mismatch"
"023621014","023621011","Missing Locally","https://mb01.vanstro.ca/product/vanity-cabinet-vs36-406","[]","null","null","null","null","null","null","null","null","null"
"023621411","023621411","Mismatch","https://mb01.vanstro.ca/product/vanity-cabinet-v3621tdr-413","[""galleryImages"",""galleryOrder""]","V3621TDR-PWMS-WH-TOP","V3621TDR-PWMS-WH-TOP","{""amount"":589,""currency"":""CAD""}","{""amount"":589,""currency"":""CAD""}","Matched","Matched","Matched","Mismatch","Mismatch"
"023621412","023621411","Missing Locally","https://mb01.vanstro.ca/product/vanity-cabinet-v3621tdr-413","[]","null","null","null","null","null","null","null","null","null"
"023621413","023621411","Mismatch","https://mb01.vanstro.ca/product/vanity-cabinet-v3621tdr-413","[""galleryImages"",""galleryOrder"",""parametersSpecifications""]","V3621TDR-PWMS-LG-TOP","V3621TDR-PWMS-LG-TOP","{""amount"":589,""currency"":""CAD""}","{""amount"":589,""currency"":""CAD""}","Mismatch","Matched","Matched","Mismatch","Mismatch"
"023621414","023621411","Missing Locally","https://mb01.vanstro.ca/product/vanity-cabinet-v3621tdr-413","[]","null","null","null","null","null","null","null","null","null"
"023621511","023621511","Mismatch","https://mb01.vanstro.ca/product/vanity-cabinet-v3621tdl-412","[""galleryImages"",""galleryOrder""]","V3621TDL-PWMS-WH-TOP","V3621TDL-PWMS-WH-TOP","{""amount"":589,""currency"":""CAD""}","{""amount"":589,""currency"":""CAD""}","Matched","Matched","Matched","Mismatch","Mismatch"
"023621512","023621511","Missing Locally","https://mb01.vanstro.ca/product/vanity-cabinet-v3621tdl-412","[]","null","null","null","null","null","null","null","null","null"
"023621513","023621511","Mismatch","https://mb01.vanstro.ca/product/vanity-cabinet-v3621tdl-412","[""galleryImages"",""galleryOrder"",""parametersSpecifications""]","V3621TDL-PWMS-LG-TOP","V3621TDL-PWMS-LG-TOP","{""amount"":589,""currency"":""CAD""}","{""amount"":589,""currency"":""CAD""}","Mismatch","Matched","Matched","Mismatch","Mismatch"
"023621514","023621511","Missing Locally","https://mb01.vanstro.ca/product/vanity-cabinet-v3621tdl-412","[]","null","null","null","null","null","null","null","null","null"
"024221611","024221611","Mismatch","https://mb01.vanstro.ca/product/vanity-cabinet-v4221-401","[""galleryImages"",""galleryOrder""]","V4221-PWMS-WH-TOP","V4221-PWMS-WH-TOP","{""amount"":804,""currency"":""CAD""}","{""amount"":804,""currency"":""CAD""}","Matched","Matched","Matched","Mismatch","Mismatch"
"024221612","024221611","Missing Locally","https://mb01.vanstro.ca/product/vanity-cabinet-v4221-401","[]","null","null","null","null","null","null","null","null","null"
"024221613","024221611","Mismatch","https://mb01.vanstro.ca/product/vanity-cabinet-v4221-401","[""galleryImages"",""galleryOrder"",""parametersSpecifications""]","V4221-PWMS-LG-TOP","V4221-PWMS-LG-TOP","{""amount"":804,""currency"":""CAD""}","{""amount"":804,""currency"":""CAD""}","Mismatch","Matched","Matched","Mismatch","Mismatch"
"024221614","024221611","Missing Locally","https://mb01.vanstro.ca/product/vanity-cabinet-v4221-401","[]","null","null","null","null","null","null","null","null","null"
"024821611","024821611","Mismatch","https://mb01.vanstro.ca/product/vanity-cabinet-v4821-402","[""galleryImages"",""galleryOrder""]","V4821-PWMS-WH-TOP","V4821-PWMS-WH-TOP","{""amount"":845,""currency"":""CAD""}","{""amount"":845,""currency"":""CAD""}","Matched","Matched","Matched","Mismatch","Mismatch"
"024821612","024821611","Missing Locally","https://mb01.vanstro.ca/product/vanity-cabinet-v4821-402","[]","null","null","null","null","null","null","null","null","null"
"024821613","024821611","Mismatch","https://mb01.vanstro.ca/product/vanity-cabinet-v4821-402","[""galleryImages"",""galleryOrder"",""parametersSpecifications""]","V4821-PWMS-LG-TOP","V4821-PWMS-LG-TOP","{""amount"":845,""currency"":""CAD""}","{""amount"":845,""currency"":""CAD""}","Mismatch","Matched","Matched","Mismatch","Mismatch"
"024821614","024821611","Missing Locally","https://mb01.vanstro.ca/product/vanity-cabinet-v4821-402","[]","null","null","null","null","null","null","null","null","null"
"026621711","026621711","Mismatch","https://mb01.vanstro.ca/product/vanity-cabinet-v663522-403","[""galleryImages"",""galleryOrder""]","V663522-PWMS-WH-TOP","V663522-PWMS-WH-TOP","{""amount"":1214,""currency"":""CAD""}","{""amount"":1214,""currency"":""CAD""}","Matched","Matched","Matched","Mismatch","Mismatch"
"026621712","026621711","Missing Locally","https://mb01.vanstro.ca/product/vanity-cabinet-v663522-403","[]","null","null","null","null","null","null","null","null","null"
"026621713","026621711","Mismatch","https://mb01.vanstro.ca/product/vanity-cabinet-v663522-403","[""galleryImages"",""galleryOrder"",""parametersSpecifications""]","V663522-PWMS-LG-TOP","V663522-PWMS-LG-TOP","{""amount"":1214,""currency"":""CAD""}","{""amount"":1214,""currency"":""CAD""}","Mismatch","Matched","Matched","Mismatch","Mismatch"
"026621714","026621711","Missing Locally","https://mb01.vanstro.ca/product/vanity-cabinet-v663522-403","[]","null","null","null","null","null","null","null","null","null"
"033516222","033516222","Matched","https://mb01.vanstro.ca/product/baseboard-035-410","[]","VS35-10FT /ea","VS35-10FT /ea","{""amount"":18.5,""currency"":""CAD""}","{""amount"":18.5,""currency"":""CAD""}","Matched","Matched","Matched","Matched","Matched"
"033918222","033918222","Matched","https://mb01.vanstro.ca/product/baseboard-039-409","[]","VS39-10FT /ea","VS39-10FT /ea","{""amount"":22.9,""currency"":""CAD""}","{""amount"":22.9,""currency"":""CAD""}","Matched","Matched","Matched","Matched","Matched"
"034114222","034114222","Matched","https://mb01.vanstro.ca/product/baseboard-041-407","[]","VS41-10FT /ea","VS41-10FT /ea","{""amount"":14.7,""currency"":""CAD""}","{""amount"":14.7,""currency"":""CAD""}","Matched","Matched","Matched","Matched","Matched"
"034910320","034910320","Matched","https://mb01.vanstro.ca/product/casing-049-411","[]","VS49-7FT /ea","VS49-7FT /ea","{""amount"":23.6,""currency"":""CAD""}","{""amount"":23.6,""currency"":""CAD""}","Matched","Matched","Matched","Matched","Matched"
"060101111","060101111","Mismatch","https://mb01.vanstro.ca/product/CTC-96mm","[""name"",""subCategory"",""primaryImage"",""galleryImages"",""galleryOrder"",""parametersSpecifications"",""description"",""highlights""]","CTC[96mm]","CTC[96mm]","{""amount"":5.99,""currency"":""CAD""}","{""amount"":5.99,""currency"":""CAD""}","Mismatch","Mismatch","Mismatch","Mismatch","Mismatch"
"060102411","060102411","Missing Locally","https://mb01.vanstro.ca/product/CTC-192mm","[]","null","null","null","null","null","null","null","null","null"
