"route","title","metaDescription","canonical","schemaTypes","invalidSchemaCount","ogTitle","ogDescription","ogImage","twitterCard","twitterImage","imageCount","missingAltCount","emptyAltCount","mb01Occurrences","embeddedRootAssetReferences"
"/404/","404: This page could not be found.","Shop kitchen cabinets, bathroom vanities, baseboards and home materials with local Canadian stock and dealer support.","https://vanstro.ca/","Organization","0","VanStro Global Supply","Ready-to-order cabinets, vanities and home materials across Canada.","","summary","","3","0","0","0","0"
"/404/","404: This page could not be found.","Shop kitchen cabinets, bathroom vanities, baseboards and home materials with local Canadian stock and dealer support.","https://vanstro.ca/","Organization","0","VanStro Global Supply","Ready-to-order cabinets, vanities and home materials across Canada.","","summary","","3","0","0","0","0"
"/_not-found/","404: This page could not be found.","Shop kitchen cabinets, bathroom vanities, baseboards and home materials with local Canadian stock and dealer support.","https://vanstro.ca/","Organization","0","VanStro Global Supply","Ready-to-order cabinets, vanities and home materials across Canada.","","summary","","3","0","0","0","0"
"/about/","About VanStro | VanStro Global Supply","Learn about VanStro Global Supply Inc., a Canadian building materials supply and distribution platform headquartered in Winnipeg, Manitoba.","https://vanstro.ca/about/","Organization","0","VanStro Global Supply","Ready-to-order cabinets, vanities and home materials across Canada.","","summary","","4","0","0","0","0"
"/account/login/","Sign in | VanStro Global Supply","Sign in to your VanStro customer or dealer account.","https://vanstro.ca/","Organization","0","VanStro Global Supply","Ready-to-order cabinets, vanities and home materials across Canada.","","summary","","3","0","0","0","0"
"/account/register/","Create account | VanStro Global Supply","Create a VanStro account for cart, favorites and checkout workflows.","https://vanstro.ca/","Organization","0","VanStro Global Supply","Ready-to-order cabinets, vanities and home materials across Canada.","","summary","","3","0","0","0","0"
"/articles/how-to-measure-for-cabinets/","How do I measure for cabinets? | VanStro Global Supply","A practical guide for planning cabinet widths, heights, clearances and filler pieces.","https://vanstro.ca/articles/how-to-measure-for-cabinets/","Organization","0","VanStro Global Supply","Ready-to-order cabinets, vanities and home materials across Canada.","","summary","","4","0","0","0","0"
"/articles/","Buying guide | VanStro Global Supply","VanStro buying guides for cabinets, vanities, baseboards and pickup planning.","https://vanstro.ca/","Organization","0","VanStro Global Supply","Ready-to-order cabinets, vanities and home materials across Canada.","","summary","","6","0","0","0","0"
"/articles/pickup-and-delivery-options/","Nationwide delivery and dealer pickup | VanStro Global Supply","Understand delivery coverage, local dealer pickup and order handoff after checkout.","https://vanstro.ca/articles/pickup-and-delivery-options/","Organization","0","VanStro Global Supply","Ready-to-order cabinets, vanities and home materials across Canada.","","summary","","4","0","0","0","0"
"/articles/what-finishes-are-available/","White cabinet and primed trim finishes | VanStro Global Supply","Review white cabinet finishes, primed trim materials and care notes before starting your order.","https://vanstro.ca/articles/what-finishes-are-available/","Organization","0","VanStro Global Supply","Ready-to-order cabinets, vanities and home materials across Canada.","","summary","","4","0","0","0","0"
"/careers/","Careers | VanStro Global Supply","Join Us content adapted from the VanStro legacy site.","https://vanstro.ca/","Organization","0","VanStro Global Supply","Ready-to-order cabinets, vanities and home materials across Canada.","","summary","","4","0","0","0","0"
"/cart/","Cart | VanStro Global Supply","Review your VanStro cart and prepare a stock-aware order.","https://vanstro.ca/","Organization","0","VanStro Global Supply","Ready-to-order cabinets, vanities and home materials across Canada.","","summary","","3","0","0","0","0"
"/checkout/","Checkout | VanStro Global Supply","Register pickup, delivery and POS payment details for a VanStro order.","https://vanstro.ca/","Organization","0","VanStro Global Supply","Ready-to-order cabinets, vanities and home materials across Canada.","","summary","","3","0","0","0","0"
"/contact/","Contact us | VanStro Global Supply","Contact VanStro for product, order, dealer and project support.","https://vanstro.ca/contact/","Organization","0","VanStro Global Supply","Ready-to-order cabinets, vanities and home materials across Canada.","","summary","","4","0","0","0","0"
"/cookie-settings/","Cookie Preferences | VanStro Global Supply","Cookie Policy content and preference controls from the VanStro legacy site.","https://vanstro.ca/","Organization","0","VanStro Global Supply","Ready-to-order cabinets, vanities and home materials across Canada.","","summary","","4","0","0","0","0"
"/dashboard/","Dashboard | VanStro Global Supply","VanStro admin dashboard for catalog, pricing and operations data.","https://vanstro.ca/","Organization","0","VanStro Global Supply","Ready-to-order cabinets, vanities and home materials across Canada.","","summary","","3","0","0","0","0"
"/dealer-program/","Dealer program | VanStro Global Supply","Review the VanStro dealer program for qualified local building-materials operators, including platform responsibilities, dealer responsibilities, application review and policy requirements.","https://vanstro.ca/dealer-program/","Organization","0","VanStro Global Supply","Ready-to-order cabinets, vanities and home materials across Canada.","","summary","","4","0","0","0","0"
"/dealer-services-and-responsibility/","Dealer Services &amp; Platform Responsibility Boundary Policy | VanStro Global Supply","Dealer Services and Responsibility content from the VanStro legacy site.","https://vanstro.ca/","Organization","0","VanStro Global Supply","Ready-to-order cabinets, vanities and home materials across Canada.","","summary","","4","0","0","0","0"
"/dealers/apply/","Dealer application | VanStro Global Supply","Apply to become a VanStro dealer partner. Share company details, service area, operating capabilities and local support coverage for review.","https://vanstro.ca/dealers/apply/","Organization","0","VanStro Global Supply","Ready-to-order cabinets, vanities and home materials across Canada.","","summary","","4","0","0","0","0"
"/favorites/","Favorites | VanStro Global Supply","Saved VanStro products for future cart and checkout workflows.","https://vanstro.ca/","Organization","0","VanStro Global Supply","Ready-to-order cabinets, vanities and home materials across Canada.","","summary","","3","0","0","0","0"
"/","VanStro Global Supply","Shop kitchen cabinets, bathroom vanities, baseboards and home materials with local Canadian stock and dealer support.","https://vanstro.ca/","Organization","0","VanStro Global Supply","Ready-to-order cabinets, vanities and home materials across Canada.","","summary","","23","0","1","0","0"
"/legal-disclaimer/","Legal Disclaimer | VanStro Global Supply","Legal disclaimer content from the VanStro legacy site.","https://vanstro.ca/","Organization","0","VanStro Global Supply","Ready-to-order cabinets, vanities and home materials across Canada.","","summary","","4","0","0","0","0"
"/orders/demo-order/","Order status | VanStro Global Supply","Review VanStro order status, reservation and fulfillment progress.","https://vanstro.ca/","Organization","0","VanStro Global Supply","Ready-to-order cabinets, vanities and home materials across Canada.","","summary","","3","0","0","0","0"
"/privacy/","Privacy Policy | VanStro Global Supply","Privacy Policy content from the VanStro legacy site.","https://vanstro.ca/","Organization","0","VanStro Global Supply","Ready-to-order cabinets, vanities and home materials across Canada.","","summary","","4","0","0","0","0"
"/products/3-drawer-base-3db12-272/","3-Drawer Base 3DB12 | VanStro Global Supply","Dimensions: 12&quot; W × 34½&quot; H × 24&quot; D Carcass: ¾&quot; Plywood (18mm) Double-Sided Melamine Door: MDF with PVC Matte Soft-Touch Finish Shaker Style Hardware: DTC 6-Way Adj.Soft-Close Hinges&amp; Drawer Slides","https://vanstro.ca/products/3-drawer-base-3db12-272/","Organization|Product","0","VanStro Global Supply","Ready-to-order cabinets, vanities and home materials across Canada.","","summary","","14","0","1","0","0"
"/products/3-drawer-base-3db15-273/","3-Drawer Base 3DB15 | VanStro Global Supply","Dimensions: 15&quot; W × 34½&quot; H × 24&quot; D Carcass: ¾&quot; Plywood (18mm) Double-Sided Melamine Door: MDF with PVC Matte Soft-Touch Finish Shaker Style Hardware: DTC 6-Way Adj.Soft-Close Hinges&amp; Drawer Slides","https://vanstro.ca/products/3-drawer-base-3db15-273/","Organization|Product","0","VanStro Global Supply","Ready-to-order cabinets, vanities and home materials across Canada.","","summary","","14","0","1","0","0"
"/products/3-drawer-base-3db18-274/","3-Drawer Base 3DB18 | VanStro Global Supply","Dimensions: 18&quot; W × 34½&quot; H × 24&quot; D Carcass: ¾&quot; Plywood (18mm) Double-Sided Melamine Door: MDF with PVC Matte Soft-Touch Finish Shaker Style Hardware: DTC 6-Way Adj.Soft-Close Hinges&amp; Drawer Slides","https://vanstro.ca/products/3-drawer-base-3db18-274/","Organization|Product","0","VanStro Global Supply","Ready-to-order cabinets, vanities and home materials across Canada.","","summary","","14","0","1","0","0"
"/products/3-drawer-base-3db21-275/","3-Drawer Base 3DB21 | VanStro Global Supply","Dimensions: 21&quot; W × 34½&quot; H × 24&quot; D Carcass: ¾&quot; Plywood (18mm) Double-Sided Melamine Door: MDF with PVC Matte Soft-Touch Finish Shaker Style Hardware: DTC 6-Way Adj.Soft-Close Hinges&amp; Drawer Slides","https://vanstro.ca/products/3-drawer-base-3db21-275/","Organization|Product","0","VanStro Global Supply","Ready-to-order cabinets, vanities and home materials across Canada.","","summary","","14","0","1","0","0"
"/products/3-drawer-base-3db24-276/","3-Drawer Base 3DB24 | VanStro Global Supply","Dimensions: 24&quot; W × 34½&quot; H × 24&quot; D Carcass: ¾&quot; Plywood (18mm) Double-Sided Melamine Door: MDF with PVC Matte Soft-Touch Finish Shaker Style Hardware: DTC 6-Way Adj.Soft-Close Hinges&amp; Drawer Slides","https://vanstro.ca/products/3-drawer-base-3db24-276/","Organization|Product","0","VanStro Global Supply","Ready-to-order cabinets, vanities and home materials across Canada.","","summary","","14","0","1","0","0"
"/products/3-drawer-base-3db30-277/","3-Drawer Base 3DB30 | VanStro Global Supply","Dimensions: 30&quot; W × 34½&quot; H × 24&quot; D Carcass: ¾&quot; Plywood (18mm) Double-Sided Melamine Door: MDF with PVC Matte Soft-Touch Finish Shaker Style Hardware: DTC 6-Way Adj.Soft-Close Hinges&amp; Drawer Slides","https://vanstro.ca/products/3-drawer-base-3db30-277/","Organization|Product","0","VanStro Global Supply","Ready-to-order cabinets, vanities and home materials across Canada.","","summary","","14","0","1","0","0"
"/products/3-drawer-base-3db33-278/","3-Drawer Base 3DB33 | VanStro Global Supply","Dimensions: 33&quot; W × 34½&quot; H × 24&quot; D Carcass: ¾&quot; Plywood (18mm) Double-Sided Melamine Door: MDF with PVC Matte Soft-Touch Finish Shaker Style Hardware: DTC 6-Way Adj.Soft-Close Hinges&amp; Drawer Slides","https://vanstro.ca/products/3-drawer-base-3db33-278/","Organization|Product","0","VanStro Global Supply","Ready-to-order cabinets, vanities and home materials across Canada.","","summary","","14","0","1","0","0"
"/products/3-drawer-base-3db36-279/","3-Drawer Base 3DB36 | VanStro Global Supply","Dimensions: 36&quot; W × 34½&quot; H × 24&quot; D Carcass: ¾&quot; Plywood (18mm) Double-Sided Melamine Door: MDF with PVC Matte Soft-Touch Finish Shaker Style Hardware: DTC 6-Way Adj.Soft-Close Hinges&amp; Drawer Slides","https://vanstro.ca/products/3-drawer-base-3db36-279/","Organization|Product","0","VanStro Global Supply","Ready-to-order cabinets, vanities and home materials across Canada.","","summary","","14","0","1","0","0"
"/products/Aluminumalloyhandle/","Aluminum alloy handle | VanStro Global Supply","Matte Black Center-to-Center: 96 mm Overall Length: 105 mm Projection: 23.2 mm Bar Width: 11.7 mm Bar Thickness: 5 mm Material: Aluminum Alloy","https://vanstro.ca/products/Aluminumalloyhandle/","Organization|Product","0","VanStro Global Supply","Ready-to-order cabinets, vanities and home materials across Canada.","","summary","","11","0","0","0","0"
"/products/base-cabinet-b12-252/","Base Cabinet B12 | VanStro Global Supply","Dimensions: 12&quot; W × 34½&quot; H × 24&quot; D Carcass: ¾&quot; Plywood (18mm) Double-Sided Melamine Door: MDF with PVC Matte Soft-Touch Finish Shaker Style Hardware: DTC 6-Way Adj.Soft-Close Hinges&amp; Drawer Slides","https://vanstro.ca/products/base-cabinet-b12-252/","Organization|Product","0","VanStro Global Supply","Ready-to-order cabinets, vanities and home materials across Canada.","","summary","","14","0","1","0","0"
"/products/base-cabinet-b15-253/","Base Cabinet B15 | VanStro Global Supply","Dimensions: 15&quot; W × 34½&quot; H × 24&quot; D Carcass: ¾&quot; Plywood (18mm) Double-Sided Melamine Door: MDF with PVC Matte Soft-Touch Finish Shaker Style Hardware: DTC 6-Way Adj.Soft-Close Hinges&amp; Drawer Slides","https://vanstro.ca/products/base-cabinet-b15-253/","Organization|Product","0","VanStro Global Supply","Ready-to-order cabinets, vanities and home materials across Canada.","","summary","","14","0","1","0","0"
"/products/base-cabinet-b18-254/","Base Cabinet B18 | VanStro Global Supply","Dimensions: 18&quot; W × 34½&quot; H × 24&quot; D Carcass: ¾&quot; Plywood (18mm) Double-Sided Melamine Door: MDF with PVC Matte Soft-Touch Finish Shaker Style Hardware: DTC 6-Way Adj.Soft-Close Hinges&amp; Drawer Slides","https://vanstro.ca/products/base-cabinet-b18-254/","Organization|Product","0","VanStro Global Supply","Ready-to-order cabinets, vanities and home materials across Canada.","","summary","","14","0","1","0","0"
"/products/base-cabinet-b21-265/","Base Cabinet B21 | VanStro Global Supply","Dimensions: 21&quot; W × 34½&quot; H × 24&quot; D Carcass: ¾&quot; Plywood (18mm) Double-Sided Melamine Door: MDF with PVC Matte Soft-Touch Finish Shaker Style Hardware: DTC 6-Way Adj.Soft-Close Hinges&amp; Drawer Slides","https://vanstro.ca/products/base-cabinet-b21-265/","Organization|Product","0","VanStro Global Supply","Ready-to-order cabinets, vanities and home materials across Canada.","","summary","","14","0","1","0","0"
"/products/base-cabinet-b24-266/","Base Cabinet B24 | VanStro Global Supply","Dimensions: 24&quot; W × 34½&quot; H × 24&quot; D Carcass: ¾&quot; Plywood (18mm) Double-Sided Melamine Door: MDF with PVC Matte Soft-Touch Finish Shaker Style Hardware: DTC 6-Way Adj.Soft-Close Hinges&amp; Drawer Slides","https://vanstro.ca/products/base-cabinet-b24-266/","Organization|Product","0","VanStro Global Supply","Ready-to-order cabinets, vanities and home materials across Canada.","","summary","","14","0","1","0","0"
"/products/base-cabinet-b27-267/","Base Cabinet B27 | VanStro Global Supply","Dimensions: 27&quot; W × 34½&quot; H × 24&quot; D Carcass: ¾&quot; Plywood (18mm) Double-Sided Melamine Door: MDF with PVC Matte Soft-Touch Finish Shaker Style Hardware: DTC 6-Way Adj.Soft-Close Hinges&amp; Drawer Slides","https://vanstro.ca/products/base-cabinet-b27-267/","Organization|Product","0","VanStro Global Supply","Ready-to-order cabinets, vanities and home materials across Canada.","","summary","","14","0","1","0","0"
"/products/base-cabinet-b30-268/","Base Cabinet B30 | VanStro Global Supply","Dimensions: 30&quot; W × 34½&quot; H × 24&quot; D Carcass: ¾&quot; Plywood (18mm) Double-Sided Melamine Door: MDF with PVC Matte Soft-Touch Finish Shaker Style Hardware: DTC 6-Way Adj.Soft-Close Hinges&amp; Drawer Slides","https://vanstro.ca/products/base-cabinet-b30-268/","Organization|Product","0","VanStro Global Supply","Ready-to-order cabinets, vanities and home materials across Canada.","","summary","","14","0","1","0","0"
"/products/base-cabinet-b33-269/","Base Cabinet B33 | VanStro Global Supply","Dimensions: 33&quot; W × 34½&quot; H × 24&quot; D Carcass: ¾&quot; Plywood (18mm) Double-Sided Melamine Door: MDF with PVC Matte Soft-Touch Finish Shaker Style Hardware: DTC 6-Way Adj.Soft-Close Hinges&amp; Drawer Slides","https://vanstro.ca/products/base-cabinet-b33-269/","Organization|Product","0","VanStro Global Supply","Ready-to-order cabinets, vanities and home materials across Canada.","","summary","","14","0","1","0","0"
"/products/base-cabinet-b36-270/","Base Cabinet B36 | VanStro Global Supply","Dimensions: 36&quot; W × 34½&quot; H × 24&quot; D Carcass: ¾&quot; Plywood (18mm) Double-Sided Melamine Door: MDF with PVC Matte Soft-Touch Finish Shaker Style Hardware: DTC 6-Way Adj.Soft-Close Hinges&amp; Drawer Slides","https://vanstro.ca/products/base-cabinet-b36-270/","Organization|Product","0","VanStro Global Supply","Ready-to-order cabinets, vanities and home materials across Canada.","","summary","","14","0","1","0","0"
"/products/base-cabinet-b42-271/","Base Cabinet B42 | VanStro Global Supply","Dimensions: 42&quot; W × 34½&quot; H × 24&quot; D Carcass: ¾&quot; Plywood (18mm) Double-Sided Melamine Door: MDF with PVC Matte Soft-Touch Finish Shaker Style Hardware: DTC 6-Way Adj.Soft-Close Hinges&amp; Drawer Slides","https://vanstro.ca/products/base-cabinet-b42-271/","Organization|Product","0","VanStro Global Supply","Ready-to-order cabinets, vanities and home materials across Canada.","","summary","","14","0","1","0","0"
"/products/base-end-panel-bep2535-381/","Base End Panel BEP2535 | VanStro Global Supply","Dimensions: 25&quot; W × 35&quot; H × ¾&quot;D MDF / Plywood Thermofoil Finish MDF Matte Soft-Touch","https://vanstro.ca/products/base-end-panel-bep2535-381/","Organization|Product","0","VanStro Global Supply","Ready-to-order cabinets, vanities and home materials across Canada.","","summary","","11","0","0","0","0"
"/products/base-end-panel-vep2230-380/","Base End Panel VEP2230 | VanStro Global Supply","Dimensions: 22&quot; W × 30&quot; H × ¾&quot;D MDF / Plywood Thermofoil Finish MDF Matte Soft-Touch","https://vanstro.ca/products/base-end-panel-vep2230-380/","Organization|Product","0","VanStro Global Supply","Ready-to-order cabinets, vanities and home materials across Canada.","","summary","","11","0","0","0","0"
"/products/baseboard-035-410/","Baseboard-035 | VanStro Global Supply","（H*W）H3-½&quot; * W ½&quot; * 10ft Material: Finger Joint Pine Surface: Putty White (Sanded, Paint-Ready)","https://vanstro.ca/products/baseboard-035-410/","Organization|Product","0","VanStro Global Supply","Ready-to-order cabinets, vanities and home materials across Canada.","","summary","","12","0","0","0","0"
"/products/baseboard-039-409/","Baseboard-039 | VanStro Global Supply","（H*W）H4-½&quot; * W ½&quot; * 10ft Material: Finger Joint Pine Surface: Putty White (Sanded, Paint-Ready)","https://vanstro.ca/products/baseboard-039-409/","Organization|Product","0","VanStro Global Supply","Ready-to-order cabinets, vanities and home materials across Canada.","","summary","","12","0","0","0","0"
"/products/baseboard-041-407/","Baseboard-041 | VanStro Global Supply","（H*W）H2-½&quot; * W ½&quot; * 10ft Material: Finger Joint Pine Surface: Putty White (Sanded, Paint-Ready)","https://vanstro.ca/products/baseboard-041-407/","Organization|Product","0","VanStro Global Supply","Ready-to-order cabinets, vanities and home materials across Canada.","","summary","","11","0","0","0","0"
"/products/casing-049-411/","Casing-049 | VanStro Global Supply","（H*W）H4-9⁄16&quot; * W 11⁄16&quot; * 7ft Material: Finger Joint Pine Surface: Putty White (Sanded, Paint-Ready)","https://vanstro.ca/products/casing-049-411/","Organization|Product","0","VanStro Global Supply","Ready-to-order cabinets, vanities and home materials across Canada.","","summary","","12","0","0","0","0"
"/products/decorative-moulding-bcm8-dcm-372/","Decorative Moulding BCM8(DCM) | VanStro Global Supply","Dimensions: ¾&quot; W × 4⅜&quot; H × 96&quot; L MDF / Plywood Thermofoil Finish MDF Matte Soft-Touch","https://vanstro.ca/products/decorative-moulding-bcm8-dcm-372/","Organization|Product","0","VanStro Global Supply","Ready-to-order cabinets, vanities and home materials across Canada.","","summary","","11","0","0","0","0"
"/products/diagonal-corner-wall-dcw2430-343/","Diagonal Corner Wall DCW2430 | VanStro Global Supply","Dimensions: 24×24&quot; W × 30&quot; H × 12&quot; D Carcass: ¾&quot; Plywood (18mm) Double-Sided Melamine Door: MDF with PVC Matte Soft-Touch Finish Shaker Style Hardware: DTC 6-Way Adj.Soft-Close Hinges&amp; Drawer Slides","https://vanstro.ca/products/diagonal-corner-wall-dcw2430-343/","Organization|Product","0","VanStro Global Supply","Ready-to-order cabinets, vanities and home materials across Canada.","","summary","","14","0","1","0","0"
"/products/diagonal-corner-wall-dcw2436-344/","Diagonal Corner Wall DCW2436 | VanStro Global Supply","Dimensions: 24×24&quot; W × 36&quot; H × 12&quot; D Carcass: ¾&quot; Plywood (18mm) Double-Sided Melamine Door: MDF with PVC Matte Soft-Touch Finish Shaker Style Hardware: DTC 6-Way Adj.Soft-Close Hinges&amp; Drawer Slides","https://vanstro.ca/products/diagonal-corner-wall-dcw2436-344/","Organization|Product","0","VanStro Global Supply","Ready-to-order cabinets, vanities and home materials across Canada.","","summary","","14","0","1","0","0"
"/products/diagonal-corner-wall-dcw2442-345/","Diagonal Corner Wall DCW2442 | VanStro Global Supply","Dimensions: 24×24&quot; W × 42&quot; H × 12&quot; D Carcass: ¾&quot; Plywood (18mm) Double-Sided Melamine Door: MDF with PVC Matte Soft-Touch Finish Shaker Style Hardware: DTC 6-Way Adj.Soft-Close Hinges&amp; Drawer Slides","https://vanstro.ca/products/diagonal-corner-wall-dcw2442-345/","Organization|Product","0","VanStro Global Supply","Ready-to-order cabinets, vanities and home materials across Canada.","","summary","","14","0","1","0","0"
"/products/filler-f342-373/","Filler F342 | VanStro Global Supply","Dimensions: 3&quot; W × 42&quot; H × ¾&quot;D MDF / Plywood Thermofoil Finish MDF Matte Soft-Touch","https://vanstro.ca/products/filler-f342-373/","Organization|Product","0","VanStro Global Supply","Ready-to-order cabinets, vanities and home materials across Canada.","","summary","","11","0","0","0","0"
"/products/filler-f642-374/","Filler F642 | VanStro Global Supply","Dimensions: 6&quot; W × 42&quot; H × ¾&quot;D MDF / Plywood Thermofoil Finish MDF Matte Soft-Touch","https://vanstro.ca/products/filler-f642-374/","Organization|Product","0","VanStro Global Supply","Ready-to-order cabinets, vanities and home materials across Canada.","","summary","","11","0","0","0","0"
"/products/","Products | VanStro Global Supply","Browse VanStro kitchen cabinets, vanities, baseboards and home materials.","https://vanstro.ca/","Organization","0","VanStro Global Supply","Ready-to-order cabinets, vanities and home materials across Canada.","","summary","","3","0","0","0","0"
"/products/lazy-susan-base-lsb33-280/","Lazy Susan Base LSB33 | VanStro Global Supply","Dimensions: 33&quot; W × 34½&quot; H × 24&quot; D Carcass: ¾&quot; Plywood (18mm) Double-Sided Melamine Door: MDF with PVC Matte Soft-Touch Finish Shaker Style Hardware: DTC 6-Way Adj.Soft-Close Hinges&amp; Drawer Slides","https://vanstro.ca/products/lazy-susan-base-lsb33-280/","Organization|Product","0","VanStro Global Supply","Ready-to-order cabinets, vanities and home materials across Canada.","","summary","","14","0","1","0","0"
"/products/lazy-susan-base-lsb36-281/","Lazy Susan Base LSB36 | VanStro Global Supply","Dimensions: 36&quot; W × 34½&quot; H × 24&quot; D Carcass: ¾&quot; Plywood (18mm) Double-Sided Melamine Door: MDF with PVC Matte Soft-Touch Finish Shaker Style Hardware: DTC 6-Way Adj.Soft-Close Hinges&amp; Drawer Slides","https://vanstro.ca/products/lazy-susan-base-lsb36-281/","Organization|Product","0","VanStro Global Supply","Ready-to-order cabinets, vanities and home materials across Canada.","","summary","","14","0","1","0","0"
"/products/lazy-susan-base-spb9-282/","SPB9 | VanStro Global Supply","Dimensions: 9&quot; W × 34½&quot; H × 24&quot; D Carcass/Cabinet Body: ¾&quot; Plywood (18mm) Double-Sided Melamine Door Material: MDF with PVC Matte Soft-Touch Finish Shaker Style Hardware: DTC 6-Way Adj.Soft-Close Hinges&amp; Drawer Slides","https://vanstro.ca/products/lazy-susan-base-spb9-282/","Organization|Product","0","VanStro Global Supply","Ready-to-order cabinets, vanities and home materials across Canada.","","summary","","14","0","1","0","0"
"/products/microwave-cabinet-mo3030-346/","Microwave Cabinet MO3030 | VanStro Global Supply","Dimensions: 30&quot; W × 30&quot; H × 12&quot; D Carcass: ¾&quot; Plywood (18mm) Double-Sided Melamine Door: MDF with PVC Matte Soft-Touch Finish Shaker Style Hardware: DTC 6-Way Adj.Soft-Close Hinges&amp; Drawer Slides","https://vanstro.ca/products/microwave-cabinet-mo3030-346/","Organization|Product","0","VanStro Global Supply","Ready-to-order cabinets, vanities and home materials across Canada.","","summary","","14","0","1","0","0"
"/products/microwave-cabinet-mo3036-347/","Microwave Cabinet MO3036 | VanStro Global Supply","Dimensions: 30&quot; W × 36&quot; H × 12&quot; D Carcass: ¾&quot; Plywood (18mm) Double-Sided Melamine Door: MDF with PVC Matte Soft-Touch Finish Shaker Style Hardware: DTC 6-Way Adj.Soft-Close Hinges&amp; Drawer Slides","https://vanstro.ca/products/microwave-cabinet-mo3036-347/","Organization|Product","0","VanStro Global Supply","Ready-to-order cabinets, vanities and home materials across Canada.","","summary","","14","0","1","0","0"
"/products/microwave-cabinet-mo3042-348/","Microwave Cabinet MO3042 | VanStro Global Supply","Dimensions: 30&quot; W × 42&quot; H × 12&quot; D Carcass: ¾&quot; Plywood (18mm) Double-Sided Melamine Door: MDF with PVC Matte Soft-Touch Finish Shaker Style Hardware: DTC 6-Way Adj.Soft-Close Hinges&amp; Drawer Slides","https://vanstro.ca/products/microwave-cabinet-mo3042-348/","Organization|Product","0","VanStro Global Supply","Ready-to-order cabinets, vanities and home materials across Canada.","","summary","","14","0","1","0","0"
"/products/open-end-shelf-oe630-349/","Open End Shelf OE630 | VanStro Global Supply","Dimensions: 6&quot; W × 30&quot; H × 12&quot; D Carcass: ¾&quot; Plywood (18mm) Double-Sided Melamine Door: MDF with PVC Matte Soft-Touch Finish Shaker Style Hardware: DTC 6-Way Adj.Soft-Close Hinges&amp; Drawer Slides","https://vanstro.ca/products/open-end-shelf-oe630-349/","Organization|Product","0","VanStro Global Supply","Ready-to-order cabinets, vanities and home materials across Canada.","","summary","","12","0","0","0","0"
"/products/open-end-shelf-oe636-350/","Open End Shelf OE636 | VanStro Global Supply","Dimensions: 6&quot; W × 36&quot; H × 12&quot; D Carcass: ¾&quot; Plywood (18mm) Double-Sided Melamine Door: MDF with PVC Matte Soft-Touch Finish Shaker Style Hardware: DTC 6-Way Adj.Soft-Close Hinges&amp; Drawer Slides","https://vanstro.ca/products/open-end-shelf-oe636-350/","Organization|Product","0","VanStro Global Supply","Ready-to-order cabinets, vanities and home materials across Canada.","","summary","","12","0","0","0","0"
"/products/open-end-shelf-oe642-351/","Open End Shelf OE642 | VanStro Global Supply","Dimensions: 6&quot; W × 42&quot; H × 12&quot; D Carcass: ¾&quot; Plywood (18mm) Double-Sided Melamine Door: MDF with PVC Matte Soft-Touch Finish Shaker Style Hardware: DTC 6-Way Adj.Soft-Close Hinges&amp; Drawer Slides","https://vanstro.ca/products/open-end-shelf-oe642-351/","Organization|Product","0","VanStro Global Supply","Ready-to-order cabinets, vanities and home materials across Canada.","","summary","","12","0","0","0","0"
"/products/oven-tall-cabinet-o308424-361/","Oven Tall Cabinet O308424 | VanStro Global Supply","Dimensions: 30&quot; W × 84&quot; H × 24&quot; D Carcass: ¾&quot; Plywood (18mm) Double-Sided Melamine Door: MDF with PVC Matte Soft-Touch Finish Shaker Style Hardware: DTC 6-Way Adj.Soft-Close Hinges&amp; Drawer Slides","https://vanstro.ca/products/oven-tall-cabinet-o308424-361/","Organization|Product","0","VanStro Global Supply","Ready-to-order cabinets, vanities and home materials across Canada.","","summary","","14","0","1","0","0"
"/products/oven-tall-cabinet-o309024-362/","Oven Tall Cabinet O309024 | VanStro Global Supply","Dimensions: 30&quot; W × 90&quot; H × 24&quot; D Carcass: ¾&quot; Plywood (18mm) Double-Sided Melamine Door: MDF with PVC Matte Soft-Touch Finish Shaker Style Hardware: DTC 6-Way Adj.Soft-Close Hinges&amp; Drawer Slides","https://vanstro.ca/products/oven-tall-cabinet-o309024-362/","Organization|Product","0","VanStro Global Supply","Ready-to-order cabinets, vanities and home materials across Canada.","","summary","","14","0","1","0","0"
"/products/oven-tall-cabinet-o309624-363/","Oven Tall Cabinet O309624 | VanStro Global Supply","Dimensions: 30&quot; W × 96&quot; H × 24&quot; D Carcass: ¾&quot; Plywood (18mm) Double-Sided Melamine Door: MDF with PVC Matte Soft-Touch Finish Shaker Style Hardware: DTC 6-Way Adj.Soft-Close Hinges&amp; Drawer Slides","https://vanstro.ca/products/oven-tall-cabinet-o309624-363/","Organization|Product","0","VanStro Global Supply","Ready-to-order cabinets, vanities and home materials across Canada.","","summary","","14","0","1","0","0"
"/products/oven-tall-cabinet-o338424-364/","Oven Tall Cabinet O338424 | VanStro Global Supply","Dimensions: 33&quot; W × 84&quot; H × 24&quot; D Carcass: ¾&quot; Plywood (18mm) Double-Sided Melamine Door: MDF with PVC Matte Soft-Touch Finish Shaker Style Hardware: DTC 6-Way Adj.Soft-Close Hinges&amp; Drawer Slides","https://vanstro.ca/products/oven-tall-cabinet-o338424-364/","Organization|Product","0","VanStro Global Supply","Ready-to-order cabinets, vanities and home materials across Canada.","","summary","","14","0","1","0","0"
"/products/oven-tall-cabinet-o339024-365/","Oven Tall Cabinet O339024 | VanStro Global Supply","Dimensions: 33&quot; W × 90&quot; H × 24&quot; D Carcass: ¾&quot; Plywood (18mm) Double-Sided Melamine Door: MDF with PVC Matte Soft-Touch Finish Shaker Style Hardware: DTC 6-Way Adj.Soft-Close Hinges&amp; Drawer Slides","https://vanstro.ca/products/oven-tall-cabinet-o339024-365/","Organization|Product","0","VanStro Global Supply","Ready-to-order cabinets, vanities and home materials across Canada.","","summary","","14","0","1","0","0"
"/products/sink-base-sb30-368/","Sink Base SB30 | VanStro Global Supply","Dimensions: 30&quot; W × 34½&quot; H × 24&quot; D Carcass: ¾&quot; Plywood (18mm) Double-Sided Melamine Door: MDF with PVC Matte Soft-Touch Finish Shaker Style Hardware: DTC 6-Way Adj.Soft-Close Hinges&amp; Drawer Slides","https://vanstro.ca/products/sink-base-sb30-368/","Organization|Product","0","VanStro Global Supply","Ready-to-order cabinets, vanities and home materials across Canada.","","summary","","14","0","1","0","0"
"/products/sink-base-sb33-369/","Sink Base SB33 | VanStro Global Supply","Dimensions: 33&quot; W × 34½&quot; H × 24&quot; D Carcass: ¾&quot; Plywood (18mm) Double-Sided Melamine Door: MDF with PVC Matte Soft-Touch Finish Shaker Style Hardware: DTC 6-Way Adj.Soft-Close Hinges&amp; Drawer Slides","https://vanstro.ca/products/sink-base-sb33-369/","Organization|Product","0","VanStro Global Supply","Ready-to-order cabinets, vanities and home materials across Canada.","","summary","","14","0","1","0","0"
"/products/sink-base-sb36-370/","Sink Base SB36 | VanStro Global Supply","Dimensions: 36&quot; W × 34½&quot; H × 24&quot; D Carcass: ¾&quot; Plywood (18mm) Double-Sided Melamine Door: MDF with PVC Matte Soft-Touch Finish Shaker Style Hardware: DTC 6-Way Adj.Soft-Close Hinges&amp; Drawer Slides","https://vanstro.ca/products/sink-base-sb36-370/","Organization|Product","0","VanStro Global Supply","Ready-to-order cabinets, vanities and home materials across Canada.","","summary","","14","0","1","0","0"
"/products/tall-cabinet-o339624-366/","Oven Tall Cabinet O339624 | VanStro Global Supply","Dimensions: 33&quot; W × 96&quot; H × 24&quot; D Carcass: ¾&quot; Plywood (18mm) Double-Sided Melamine Door: MDF with PVC Matte Soft-Touch Finish Shaker Style Hardware: DTC 6-Way Adj.Soft-Close Hinges&amp; Drawer Slides","https://vanstro.ca/products/tall-cabinet-o339624-366/","Organization|Product","0","VanStro Global Supply","Ready-to-order cabinets, vanities and home materials across Canada.","","summary","","14","0","1","0","0"
"/products/tall-cabinet-u188424-352/","Tall Cabinet U188424 | VanStro Global Supply","Dimensions: 18&quot; W × 84&quot; H × 24&quot; D Carcass: ¾&quot; Plywood (18mm) Double-Sided Melamine Door: MDF with PVC Matte Soft-Touch Finish Shaker Style Hardware: DTC 6-Way Adj.Soft-Close Hinges&amp; Drawer Slides","https://vanstro.ca/products/tall-cabinet-u188424-352/","Organization|Product","0","VanStro Global Supply","Ready-to-order cabinets, vanities and home materials across Canada.","","summary","","14","0","1","0","0"
"/products/tall-cabinet-u189024-353/","Tall Cabinet U189024 | VanStro Global Supply","Dimensions: 18&quot; W × 90&quot; H × 24&quot; D Carcass: ¾&quot; Plywood (18mm) Double-Sided Melamine Door: MDF with PVC Matte Soft-Touch Finish Shaker Style Hardware: DTC 6-Way Adj.Soft-Close Hinges&amp; Drawer Slides","https://vanstro.ca/products/tall-cabinet-u189024-353/","Organization|Product","0","VanStro Global Supply","Ready-to-order cabinets, vanities and home materials across Canada.","","summary","","14","0","1","0","0"
"/products/tall-cabinet-u189624-354/","Tall Cabinet U189624 | VanStro Global Supply","Dimensions: 18&quot; W × 96&quot; H × 24&quot; D Carcass: ¾&quot; Plywood (18mm) Double-Sided Melamine Door: MDF with PVC Matte Soft-Touch Finish Shaker Style Hardware: DTC 6-Way Adj.Soft-Close Hinges&amp; Drawer Slides","https://vanstro.ca/products/tall-cabinet-u189624-354/","Organization|Product","0","VanStro Global Supply","Ready-to-order cabinets, vanities and home materials across Canada.","","summary","","14","0","1","0","0"
"/products/tall-cabinet-u248424-355/","Tall Cabinet U248424 | VanStro Global Supply","Dimensions: 24&quot; W × 84&quot; H × 24&quot; D Carcass: ¾&quot; Plywood (18mm) Double-Sided Melamine Door: MDF with PVC Matte Soft-Touch Finish Shaker Style Hardware: DTC 6-Way Adj.Soft-Close Hinges&amp; Drawer Slides","https://vanstro.ca/products/tall-cabinet-u248424-355/","Organization|Product","0","VanStro Global Supply","Ready-to-order cabinets, vanities and home materials across Canada.","","summary","","14","0","1","0","0"
"/products/tall-cabinet-u249024-356/","Tall Cabinet U249024 | VanStro Global Supply","Dimensions: 24&quot; W × 90&quot; H × 24&quot; D Carcass: ¾&quot; Plywood (18mm) Double-Sided Melamine Door: MDF with PVC Matte Soft-Touch Finish Shaker Style Hardware: DTC 6-Way Adj.Soft-Close Hinges&amp; Drawer Slides","https://vanstro.ca/products/tall-cabinet-u249024-356/","Organization|Product","0","VanStro Global Supply","Ready-to-order cabinets, vanities and home materials across Canada.","","summary","","14","0","1","0","0"
"/products/tall-cabinet-u249624-357/","Tall Cabinet U249624 | VanStro Global Supply","Dimensions: 24&quot; W × 96&quot; H × 24&quot; D Carcass: ¾&quot; Plywood (18mm) Double-Sided Melamine Door: MDF with PVC Matte Soft-Touch Finish Shaker Style Hardware: DTC 6-Way Adj.Soft-Close Hinges&amp; Drawer Slides","https://vanstro.ca/products/tall-cabinet-u249624-357/","Organization|Product","0","VanStro Global Supply","Ready-to-order cabinets, vanities and home materials across Canada.","","summary","","14","0","1","0","0"
"/products/tall-cabinet-u308424-358/","Tall Cabinet U308424 | VanStro Global Supply","Dimensions: 30&quot; W × 84&quot; H × 24&quot; D Carcass: ¾&quot; Plywood (18mm) Double-Sided Melamine Door: MDF with PVC Matte Soft-Touch Finish Shaker Style Hardware: DTC 6-Way Adj.Soft-Close Hinges&amp; Drawer Slides","https://vanstro.ca/products/tall-cabinet-u308424-358/","Organization|Product","0","VanStro Global Supply","Ready-to-order cabinets, vanities and home materials across Canada.","","summary","","14","0","1","0","0"
"/products/tall-cabinet-u309024-359/","Tall Cabinet U309024 | VanStro Global Supply","Dimensions: 30&quot; W × 90&quot; H × 24&quot; D Carcass: ¾&quot; Plywood (18mm) Double-Sided Melamine Door: MDF with PVC Matte Soft-Touch Finish Shaker Style Hardware: DTC 6-Way Adj.Soft-Close Hinges&amp; Drawer Slides","https://vanstro.ca/products/tall-cabinet-u309024-359/","Organization|Product","0","VanStro Global Supply","Ready-to-order cabinets, vanities and home materials across Canada.","","summary","","14","0","1","0","0"
"/products/tall-cabinet-u309624-360/","Tall Cabinet U309624 | VanStro Global Supply","Dimensions: 30&quot; W × 96&quot; H × 24&quot; D Carcass: ¾&quot; Plywood (18mm) Double-Sided Melamine Door: MDF with PVC Matte Soft-Touch Finish Shaker Style Hardware: DTC 6-Way Adj.Soft-Close Hinges&amp; Drawer Slides","https://vanstro.ca/products/tall-cabinet-u309624-360/","Organization|Product","0","VanStro Global Supply","Ready-to-order cabinets, vanities and home materials across Canada.","","summary","","14","0","1","0","0"
"/products/tall-end-panel-tep2596-382/","Tall End Panel TEP2596 | VanStro Global Supply","Dimensions: 25&quot; W × 96&quot; H × ¾&quot;D MDF / Plywood Thermofoil Finish MDF Matte Soft-Touch","https://vanstro.ca/products/tall-end-panel-tep2596-382/","Organization|Product","0","VanStro Global Supply","Ready-to-order cabinets, vanities and home materials across Canada.","","summary","","11","0","0","0","0"
"/products/tall-end-panel-tep3596-383/","Tall End Panel TEP3596 | VanStro Global Supply","Dimensions: 35&quot; W × 96&quot; H × ¾&quot;D MDF / Plywood Thermofoil Finish MDF Matte Soft-Touch","https://vanstro.ca/products/tall-end-panel-tep3596-383/","Organization|Product","0","VanStro Global Supply","Ready-to-order cabinets, vanities and home materials across Canada.","","summary","","11","0","0","0","0"
"/products/tall-filler-f396-375/","Tall Filler F396 | VanStro Global Supply","Dimensions: 3&quot; W × 96&quot; H × ¾&quot;D MDF / Plywood Thermofoil Finish MDF Matte Soft-Touch","https://vanstro.ca/products/tall-filler-f396-375/","Organization|Product","0","VanStro Global Supply","Ready-to-order cabinets, vanities and home materials across Canada.","","summary","","11","0","0","0","0"
"/products/tall-filler-f696-376/","Tall Filler F696 | VanStro Global Supply","Dimensions: 6&quot; W × 96&quot; H × ¾&quot;D MDF / Plywood Thermofoil Finish MDF Matte Soft-Touch","https://vanstro.ca/products/tall-filler-f696-376/","Organization|Product","0","VanStro Global Supply","Ready-to-order cabinets, vanities and home materials across Canada.","","summary","","11","0","0","0","0"
"/products/toe-kick-tkc-ms-371/","Toe Kick TKC-MS | VanStro Global Supply","Dimensions: ¾&quot; W × 4½&quot; H × 96&quot; L MDF / Plywood Thermofoil Finish MDF Matte Soft-Touch","https://vanstro.ca/products/toe-kick-tkc-ms-371/","Organization|Product","0","VanStro Global Supply","Ready-to-order cabinets, vanities and home materials across Canada.","","summary","","11","0","0","0","0"
"/products/vanity-cabinet-v3021-door-tdl-400/","Vanity Cabinet-V3021-Door-TDL | VanStro Global Supply","Dimensions: 30&quot; W × 34&quot; H × 21&quot; D Carcass: ¾&quot; plywood cabinet box with double-sided melamine Door: MDF door with thermofoil finish Shaker Style Hardware: DTC 6-Way Adj.Soft-Close Hinges&amp; Drawer Slides","https://vanstro.ca/products/vanity-cabinet-v3021-door-tdl-400/","Organization|Product","0","VanStro Global Supply","Ready-to-order cabinets, vanities and home materials across Canada.","","summary","","14","0","1","0","0"
"/products/vanity-cabinet-v3021-door-tdr-398/","Vanity Cabinet-V3021-Door-TDR | VanStro Global Supply","Dimensions: 30&quot; W × 34&quot; H × 21&quot; D Carcass: ¾&quot; plywood cabinet box with double-sided melamine Door: MDF with PVC Matte Soft-Touch Finish Shaker Style Hardware: DTC 6-Way Adj.Soft-Close Hinges&amp; Drawer Slides","https://vanstro.ca/products/vanity-cabinet-v3021-door-tdr-398/","Organization|Product","0","VanStro Global Supply","Ready-to-order cabinets, vanities and home materials across Canada.","","summary","","14","0","1","0","0"
"/products/vanity-cabinet-v3021-doors-tdl-415/","Vanity Cabinet-V3021-Doors-TDL | VanStro Global Supply","Dimensions: 30&quot; W × 34&quot; H × 21&quot; D Carcass: ¾&quot; plywood cabinet box with double-sided melamine Door: MDF with PVC Matte Soft-Touch Finish Shaker Style Hardware: DTC 6-Way Adj.Soft-Close Hinges&amp; Drawer Slides","https://vanstro.ca/products/vanity-cabinet-v3021-doors-tdl-415/","Organization|Product","0","VanStro Global Supply","Ready-to-order cabinets, vanities and home materials across Canada.","","summary","","14","0","1","0","0"
"/products/vanity-cabinet-v3021-doors-tdr-414/","Vanity Cabinet-V3021-Doors-TDR | VanStro Global Supply","Dimensions: 30&quot; W × 34&quot; H × 21&quot; D Carcass: ¾&quot; plywood cabinet box with double-sided melamine Door: MDF with PVC Matte Soft-Touch Finish Shaker Style Hardware: DTC 6-Way Adj.Soft-Close Hinges&amp; Drawer Slides","https://vanstro.ca/products/vanity-cabinet-v3021-doors-tdr-414/","Organization|Product","0","VanStro Global Supply","Ready-to-order cabinets, vanities and home materials across Canada.","","summary","","14","0","1","0","0"
"/products/vanity-cabinet-v3621tdl-412/","Vanity Cabinet-V3621TDL | VanStro Global Supply","Dimensions: 36&quot; W × 34&quot; H × 21&quot; D Carcass: ¾&quot; plywood cabinet box with double-sided melamine Door: MDF with PVC Matte Soft-Touch Finish Shaker Style Hardware: DTC 6-Way Adj.Soft-Close Hinges&amp; Drawer Slides","https://vanstro.ca/products/vanity-cabinet-v3621tdl-412/","Organization|Product","0","VanStro Global Supply","Ready-to-order cabinets, vanities and home materials across Canada.","","summary","","14","0","1","0","0"
"/products/vanity-cabinet-v3621tdr-413/","Vanity Cabinet-V3621TDR | VanStro Global Supply","Dimensions: 36&quot; W × 34&quot; H × 21&quot; D Carcass: ¾&quot; plywood cabinet box with double-sided melamine Door: MDF with PVC Matte Soft-Touch Finish Shaker Style Hardware: DTC 6-Way Adj.Soft-Close Hinges&amp; Drawer Slides","https://vanstro.ca/products/vanity-cabinet-v3621tdr-413/","Organization|Product","0","VanStro Global Supply","Ready-to-order cabinets, vanities and home materials across Canada.","","summary","","14","0","1","0","0"
"/products/vanity-cabinet-v4221-401/","Vanity Cabinet-V4221 | VanStro Global Supply","Dimensions: 42&quot; W × 34&quot; H × 21&quot; D Carcass: ¾&quot; plywood cabinet box with double-sided melamine Door: MDF with PVC Matte Soft-Touch Finish Shaker Style Hardware: DTC 6-Way Adj.Soft-Close Hinges&amp; Drawer Slides","https://vanstro.ca/products/vanity-cabinet-v4221-401/","Organization|Product","0","VanStro Global Supply","Ready-to-order cabinets, vanities and home materials across Canada.","","summary","","14","0","1","0","0"
"/products/vanity-cabinet-v4821-402/","Vanity Cabinet-V4821 | VanStro Global Supply","Dimensions: 48&quot; W × 34&quot; H × 21&quot; D Carcass: ¾&quot; plywood cabinet box with double-sided melamine Door: MDF with PVC Matte Soft-Touch Finish Shaker Style Hardware: DTC 6-Way Adj.Soft-Close Hinges&amp; Drawer Slides","https://vanstro.ca/products/vanity-cabinet-v4821-402/","Organization|Product","0","VanStro Global Supply","Ready-to-order cabinets, vanities and home materials across Canada.","","summary","","14","0","1","0","0"
"/products/vanity-cabinet-v663522-403/","Vanity Cabinet-V663522 | VanStro Global Supply","Dimensions: 66&quot; W × 35&quot; H × 22&quot; D Carcass: ¾&quot; plywood cabinet box with double-sided melamine Door: MDF with PVC Matte Soft-Touch Finish Shaker Style Hardware: DTC 6-Way Adj.Soft-Close Hinges&amp; Drawer Slides","https://vanstro.ca/products/vanity-cabinet-v663522-403/","Organization|Product","0","VanStro Global Supply","Ready-to-order cabinets, vanities and home materials across Canada.","","summary","","14","0","1","0","0"
"/products/vanity-cabinet-vs24-384/","Vanity Cabinet-VS24 | VanStro Global Supply","Dimensions: 24&quot; W × 34&quot; H × 21&quot; D Carcass: ¾&quot; plywood cabinet box with double-sided melamine Door: MDF with PVC Matte Soft-Touch Finish Shaker Style Hardware: DTC 6-Way Adj.Soft-Close Hinges&amp; Drawer Slides","https://vanstro.ca/products/vanity-cabinet-vs24-384/","Organization|Product","0","VanStro Global Supply","Ready-to-order cabinets, vanities and home materials across Canada.","","summary","","14","0","1","0","0"
"/products/vanity-cabinet-vs27-404/","Vanity Cabinet-VS27 | VanStro Global Supply","Dimensions: 27&quot; W × 34&quot; H × 21&quot; D Carcass: ¾&quot; plywood cabinet box with double-sided melamine Door: MDF with PVC Matte Soft-Touch Finish Shaker Style Hardware: DTC 6-Way Adj.Soft-Close Hinges&amp; Drawer Slides","https://vanstro.ca/products/vanity-cabinet-vs27-404/","Organization|Product","0","VanStro Global Supply","Ready-to-order cabinets, vanities and home materials across Canada.","","summary","","14","0","1","0","0"
"/products/vanity-cabinet-vs30-405/","Vanity Cabinet-VS30 | VanStro Global Supply","Dimensions: 30&quot; W × 34&quot; H × 21&quot; D Carcass: ¾&quot; plywood cabinet box with double-sided melamine Door: MDF with PVC Matte Soft-Touch Finish Shaker Style Hardware: DTC 6-Way Adj.Soft-Close Hinges&amp; Drawer Slides","https://vanstro.ca/products/vanity-cabinet-vs30-405/","Organization|Product","0","VanStro Global Supply","Ready-to-order cabinets, vanities and home materials across Canada.","","summary","","14","0","1","0","0"
"/products/vanity-cabinet-vs36-406/","Vanity Cabinet-VS36 | VanStro Global Supply","Dimensions: 36&quot; W × 34&quot; H × 21&quot; D Carcass: ¾&quot; plywood cabinet box with double-sided melamine Door: MDF with PVC Matte Soft-Touch Finish Shaker Style Hardware: DTC 6-Way Adj.Soft-Close Hinges&amp; Drawer Slides","https://vanstro.ca/products/vanity-cabinet-vs36-406/","Organization|Product","0","VanStro Global Supply","Ready-to-order cabinets, vanities and home materials across Canada.","","summary","","14","0","1","0","0"
"/products/wall-cabinet-gd-w1530gd-331/","Wall Cabinet (GD)W1530GD | VanStro Global Supply","Dimensions: 15&quot; W × 30&quot; H × 12&quot; D Carcass: ¾&quot; Plywood (18mm) Double-Sided Melamine Door: MDF with PVC Matte Soft-Touch Finish Shaker Style Hardware: DTC 6-Way Adj.Soft-Close Hinges&amp; Drawer Slides","https://vanstro.ca/products/wall-cabinet-gd-w1530gd-331/","Organization|Product","0","VanStro Global Supply","Ready-to-order cabinets, vanities and home materials across Canada.","","summary","","14","0","1","0","0"
"/products/wall-cabinet-gd-w1536gd-332/","Wall Cabinet (GD)W1536GD | VanStro Global Supply","Dimensions: 15&quot; W × 36&quot; H × 12&quot; D Carcass: ¾&quot; Plywood (18mm) Double-Sided Melamine Door: MDF with PVC Matte Soft-Touch Finish Shaker Style Hardware: DTC 6-Way Adj.Soft-Close Hinges&amp; Drawer Slides","https://vanstro.ca/products/wall-cabinet-gd-w1536gd-332/","Organization|Product","0","VanStro Global Supply","Ready-to-order cabinets, vanities and home materials across Canada.","","summary","","14","0","1","0","0"
"/products/wall-cabinet-gd-w1542gd-333/","Wall Cabinet (GD)W1542GD | VanStro Global Supply","Dimensions: 15&quot; W × 42&quot; H × 12&quot; D Carcass: ¾&quot; Plywood (18mm) Double-Sided Melamine Door: MDF with PVC Matte Soft-Touch Finish Shaker Style Hardware: DTC 6-Way Adj.Soft-Close Hinges&amp; Drawer Slides","https://vanstro.ca/products/wall-cabinet-gd-w1542gd-333/","Organization|Product","0","VanStro Global Supply","Ready-to-order cabinets, vanities and home materials across Canada.","","summary","","14","0","1","0","0"
"/products/wall-cabinet-gd-w1830gd-334/","Wall Cabinet (GD)W1830GD | VanStro Global Supply","Dimensions: 18&quot; W × 30&quot; H × 12&quot; D Carcass: ¾&quot; Plywood (18mm) Double-Sided Melamine Door: MDF with PVC Matte Soft-Touch Finish Shaker Style Hardware: DTC 6-Way Adj.Soft-Close Hinges&amp; Drawer Slides","https://vanstro.ca/products/wall-cabinet-gd-w1830gd-334/","Organization|Product","0","VanStro Global Supply","Ready-to-order cabinets, vanities and home materials across Canada.","","summary","","14","0","1","0","0"
"/products/wall-cabinet-gd-w1836gd-335/","Wall Cabinet (GD)W1836GD | VanStro Global Supply","Dimensions: 18&quot; W × 36&quot; H × 12&quot; D Carcass: ¾&quot; Plywood (18mm) Double-Sided Melamine Door: MDF with PVC Matte Soft-Touch Finish Shaker Style Hardware: DTC 6-Way Adj.Soft-Close Hinges&amp; Drawer Slides","https://vanstro.ca/products/wall-cabinet-gd-w1836gd-335/","Organization|Product","0","VanStro Global Supply","Ready-to-order cabinets, vanities and home materials across Canada.","","summary","","14","0","1","0","0"
"/products/wall-cabinet-gd-w1842gd-336/","Wall Cabinet (GD)W1842GD | VanStro Global Supply","Dimensions: 18&quot; W × 42&quot; H × 12&quot; D Carcass: ¾&quot; Plywood (18mm) Double-Sided Melamine Door: MDF with PVC Matte Soft-Touch Finish Shaker Style Hardware: DTC 6-Way Adj.Soft-Close Hinges&amp; Drawer Slides","https://vanstro.ca/products/wall-cabinet-gd-w1842gd-336/","Organization|Product","0","VanStro Global Supply","Ready-to-order cabinets, vanities and home materials across Canada.","","summary","","14","0","1","0","0"
"/products/wall-cabinet-gd-w2430gd-337/","Wall Cabinet (GD)W2430GD | VanStro Global Supply","Dimensions: 24&quot; W × 30&quot; H × 12&quot; D Carcass: ¾&quot; Plywood (18mm) Double-Sided Melamine Door: MDF with PVC Matte Soft-Touch Finish Shaker Style Hardware: DTC 6-Way Adj.Soft-Close Hinges&amp; Drawer Slides","https://vanstro.ca/products/wall-cabinet-gd-w2430gd-337/","Organization|Product","0","VanStro Global Supply","Ready-to-order cabinets, vanities and home materials across Canada.","","summary","","14","0","1","0","0"
"/products/wall-cabinet-gd-w2436gd-338/","Wall Cabinet (GD)W2436GD | VanStro Global Supply","Dimensions: 24&quot; W × 36&quot; H × 12&quot; D Carcass: ¾&quot; Plywood (18mm) Double-Sided Melamine Door: MDF with PVC Matte Soft-Touch Finish Shaker Style Hardware: DTC 6-Way Adj.Soft-Close Hinges&amp; Drawer Slides","https://vanstro.ca/products/wall-cabinet-gd-w2436gd-338/","Organization|Product","0","VanStro Global Supply","Ready-to-order cabinets, vanities and home materials across Canada.","","summary","","14","0","1","0","0"
"/products/wall-cabinet-gd-w2442gd-339/","Wall Cabinet (GD)W2442GD | VanStro Global Supply","Dimensions: 24&quot; W × 42&quot; H × 12&quot; D Carcass: ¾&quot; Plywood (18mm) Double-Sided Melamine Door: MDF with PVC Matte Soft-Touch Finish Shaker Style Hardware: DTC 6-Way Adj.Soft-Close Hinges&amp; Drawer Slides","https://vanstro.ca/products/wall-cabinet-gd-w2442gd-339/","Organization|Product","0","VanStro Global Supply","Ready-to-order cabinets, vanities and home materials across Canada.","","summary","","14","0","1","0","0"
"/products/wall-cabinet-gd-w3030gd-340/","Wall Cabinet (GD)W3030GD | VanStro Global Supply","Dimensions: 30&quot; W × 30&quot; H × 12&quot; D Carcass: ¾&quot; Plywood (18mm) Double-Sided Melamine Door: MDF with PVC Matte Soft-Touch Finish Shaker Style Hardware: DTC 6-Way Adj.Soft-Close Hinges&amp; Drawer Slides","https://vanstro.ca/products/wall-cabinet-gd-w3030gd-340/","Organization|Product","0","VanStro Global Supply","Ready-to-order cabinets, vanities and home materials across Canada.","","summary","","14","0","1","0","0"
"/products/wall-cabinet-gd-w3036gd-341/","Wall Cabinet (GD)W3036GD | VanStro Global Supply","Dimensions: 30&quot; W × 36&quot; H × 12&quot; D Carcass: ¾&quot; Plywood (18mm) Double-Sided Melamine Door: MDF with PVC Matte Soft-Touch Finish Shaker Style Hardware: DTC 6-Way Adj.Soft-Close Hinges&amp; Drawer Slides","https://vanstro.ca/products/wall-cabinet-gd-w3036gd-341/","Organization|Product","0","VanStro Global Supply","Ready-to-order cabinets, vanities and home materials across Canada.","","summary","","14","0","1","0","0"
"/products/wall-cabinet-gd-w3042gd-342/","Wall Cabinet (GD)W3042GD | VanStro Global Supply","Dimensions: 30&quot; W × 42&quot; H × 12&quot; D Carcass: ¾&quot; Plywood (18mm) Double-Sided Melamine Door: MDF with PVC Matte Soft-Touch Finish Shaker Style Hardware: DTC 6-Way Adj.Soft-Close Hinges&amp; Drawer Slides","https://vanstro.ca/products/wall-cabinet-gd-w3042gd-342/","Organization|Product","0","VanStro Global Supply","Ready-to-order cabinets, vanities and home materials across Canada.","","summary","","14","0","1","0","0"
"/products/wall-cabinet-w0930-283/","Wall Cabinet W0930 | VanStro Global Supply","Dimensions: 9&quot; W × 30&quot; H × 12&quot; D Carcass: ¾&quot; Plywood (18mm) Double-Sided Melamine Door: MDF with PVC Matte Soft-Touch Finish Shaker Style Hardware: DTC 6-Way Adj.Soft-Close Hinges&amp; Drawer Slides","https://vanstro.ca/products/wall-cabinet-w0930-283/","Organization|Product","0","VanStro Global Supply","Ready-to-order cabinets, vanities and home materials across Canada.","","summary","","14","0","1","0","0"
"/products/wall-cabinet-w0936-284/","Wall Cabinet W0936 | VanStro Global Supply","Dimensions: 9&quot; W × 36&quot; H × 12&quot; D Carcass: ¾&quot; Plywood (18mm) Double-Sided Melamine Door: MDF with PVC Matte Soft-Touch Finish Shaker Style Hardware: DTC 6-Way Adj.Soft-Close Hinges&amp; Drawer Slides","https://vanstro.ca/products/wall-cabinet-w0936-284/","Organization|Product","0","VanStro Global Supply","Ready-to-order cabinets, vanities and home materials across Canada.","","summary","","14","0","1","0","0"
"/products/wall-cabinet-w0942-285/","Wall Cabinet W0942 | VanStro Global Supply","Dimensions: 9&quot; W × 42&quot; H × 12&quot; D Carcass: ¾&quot; Plywood (18mm) Double-Sided Melamine Door: MDF with PVC Matte Soft-Touch Finish Shaker Style Hardware: DTC 6-Way Adj.Soft-Close Hinges&amp; Drawer Slides","https://vanstro.ca/products/wall-cabinet-w0942-285/","Organization|Product","0","VanStro Global Supply","Ready-to-order cabinets, vanities and home materials across Canada.","","summary","","14","0","1","0","0"
"/products/wall-cabinet-w1230-286/","Wall Cabinet W1230 | VanStro Global Supply","Dimensions: 12&quot; W × 30&quot; H × 12&quot; D Carcass: ¾&quot; Plywood (18mm) Double-Sided Melamine Door: MDF with PVC Matte Soft-Touch Finish Shaker Style Hardware: DTC 6-Way Adj.Soft-Close Hinges&amp; Drawer Slides","https://vanstro.ca/products/wall-cabinet-w1230-286/","Organization|Product","0","VanStro Global Supply","Ready-to-order cabinets, vanities and home materials across Canada.","","summary","","14","0","1","0","0"
"/products/wall-cabinet-w1236-287/","Wall Cabinet W1236 | VanStro Global Supply","Dimensions: 12&quot; W × 36&quot; H × 12&quot; D Carcass: ¾&quot; Plywood (18mm) Double-Sided Melamine Door: MDF with PVC Matte Soft-Touch Finish Shaker Style Hardware: DTC 6-Way Adj.Soft-Close Hinges&amp; Drawer Slides","https://vanstro.ca/products/wall-cabinet-w1236-287/","Organization|Product","0","VanStro Global Supply","Ready-to-order cabinets, vanities and home materials across Canada.","","summary","","14","0","1","0","0"
"/products/wall-cabinet-w1242-288/","Wall Cabinet W1242 | VanStro Global Supply","Dimensions: 12&quot; W × 42&quot; H × 12&quot; D Carcass: ¾&quot; Plywood (18mm) Double-Sided Melamine Door: MDF with PVC Matte Soft-Touch Finish Shaker Style Hardware: DTC 6-Way Adj.Soft-Close Hinges&amp; Drawer Slides","https://vanstro.ca/products/wall-cabinet-w1242-288/","Organization|Product","0","VanStro Global Supply","Ready-to-order cabinets, vanities and home materials across Canada.","","summary","","14","0","1","0","0"
"/products/wall-cabinet-w1530-289/","Wall Cabinet W1530 | VanStro Global Supply","Dimensions: 15&quot; W × 30&quot; H × 12&quot; D Carcass: ¾&quot; Plywood (18mm) Double-Sided Melamine Door: MDF with PVC Matte Soft-Touch Finish Shaker Style Hardware: DTC 6-Way Adj.Soft-Close Hinges&amp; Drawer Slides","https://vanstro.ca/products/wall-cabinet-w1530-289/","Organization|Product","0","VanStro Global Supply","Ready-to-order cabinets, vanities and home materials across Canada.","","summary","","14","0","1","0","0"
"/products/wall-cabinet-w1536-290/","Wall Cabinet W1536 | VanStro Global Supply","Dimensions: 15&quot; W × 36&quot; H × 12&quot; D Carcass: ¾&quot; Plywood (18mm) Double-Sided Melamine Door: MDF with PVC Matte Soft-Touch Finish Shaker Style Hardware: DTC 6-Way Adj.Soft-Close Hinges&amp; Drawer Slides","https://vanstro.ca/products/wall-cabinet-w1536-290/","Organization|Product","0","VanStro Global Supply","Ready-to-order cabinets, vanities and home materials across Canada.","","summary","","14","0","1","0","0"
"/products/wall-cabinet-w1542-291/","Wall Cabinet W1542 | VanStro Global Supply","Dimensions: 15&quot; W × 42&quot; H × 12&quot; D Carcass: ¾&quot; Plywood (18mm) Double-Sided Melamine Door: MDF with PVC Matte Soft-Touch Finish Shaker Style Hardware: DTC 6-Way Adj.Soft-Close Hinges&amp; Drawer Slides","https://vanstro.ca/products/wall-cabinet-w1542-291/","Organization|Product","0","VanStro Global Supply","Ready-to-order cabinets, vanities and home materials across Canada.","","summary","","14","0","1","0","0"
"/products/wall-cabinet-w1830-292/","Wall Cabinet W1830 | VanStro Global Supply","Dimensions: 18&quot; W × 30&quot; H × 12&quot; D Carcass: ¾&quot; Plywood (18mm) Double-Sided Melamine Door: MDF with PVC Matte Soft-Touch Finish Shaker Style Hardware: DTC 6-Way Adj.Soft-Close Hinges&amp; Drawer Slides","https://vanstro.ca/products/wall-cabinet-w1830-292/","Organization|Product","0","VanStro Global Supply","Ready-to-order cabinets, vanities and home materials across Canada.","","summary","","14","0","1","0","0"
"/products/wall-cabinet-w1836-293/","Wall Cabinet W1836 | VanStro Global Supply","Dimensions: 18&quot; W × 36&quot; H × 12&quot; D Carcass: ¾&quot; Plywood (18mm) Double-Sided Melamine Door: MDF with PVC Matte Soft-Touch Finish Shaker Style Hardware: DTC 6-Way Adj.Soft-Close Hinges&amp; Drawer Slides","https://vanstro.ca/products/wall-cabinet-w1836-293/","Organization|Product","0","VanStro Global Supply","Ready-to-order cabinets, vanities and home materials across Canada.","","summary","","14","0","1","0","0"
"/products/wall-cabinet-w1842-294/","Wall Cabinet W1842 | VanStro Global Supply","Dimensions: 18&quot; W × 42&quot; H × 12&quot; D Carcass: ¾&quot; Plywood (18mm) Double-Sided Melamine Door: MDF with PVC Matte Soft-Touch Finish Shaker Style Hardware: DTC 6-Way Adj.Soft-Close Hinges&amp; Drawer Slides","https://vanstro.ca/products/wall-cabinet-w1842-294/","Organization|Product","0","VanStro Global Supply","Ready-to-order cabinets, vanities and home materials across Canada.","","summary","","14","0","1","0","0"
"/products/wall-cabinet-w2130-295/","Wall Cabinet W2130 | VanStro Global Supply","Dimensions: 21&quot; W × 30&quot; H × 12&quot; D Carcass: ¾&quot; Plywood (18mm) Double-Sided Melamine Door: MDF with PVC Matte Soft-Touch Finish Shaker Style Hardware: DTC 6-Way Adj.Soft-Close Hinges&amp; Drawer Slides","https://vanstro.ca/products/wall-cabinet-w2130-295/","Organization|Product","0","VanStro Global Supply","Ready-to-order cabinets, vanities and home materials across Canada.","","summary","","14","0","1","0","0"
"/products/wall-cabinet-w2136-296/","Wall Cabinet W2136 | VanStro Global Supply","Dimensions: 21&quot; W × 36&quot; H × 12&quot; D Carcass: ¾&quot; Plywood (18mm) Double-Sided Melamine Door: MDF with PVC Matte Soft-Touch Finish Shaker Style Hardware: DTC 6-Way Adj.Soft-Close Hinges&amp; Drawer Slides","https://vanstro.ca/products/wall-cabinet-w2136-296/","Organization|Product","0","VanStro Global Supply","Ready-to-order cabinets, vanities and home materials across Canada.","","summary","","14","0","1","0","0"
"/products/wall-cabinet-w2142-297/","Wall Cabinet W2142 | VanStro Global Supply","Dimensions: 21&quot; W × 42&quot; H × 12&quot; D Carcass: ¾&quot; Plywood (18mm) Double-Sided Melamine Door: MDF with PVC Matte Soft-Touch Finish Shaker Style Hardware: DTC 6-Way Adj.Soft-Close Hinges&amp; Drawer Slides","https://vanstro.ca/products/wall-cabinet-w2142-297/","Organization|Product","0","VanStro Global Supply","Ready-to-order cabinets, vanities and home materials across Canada.","","summary","","14","0","1","0","0"
"/products/wall-cabinet-w2430-298/","Wall Cabinet W2430 | VanStro Global Supply","Dimensions: 24&quot; W × 30&quot; H × 12&quot; D Carcass: ¾&quot; Plywood (18mm) Double-Sided Melamine Door: MDF with PVC Matte Soft-Touch Finish Shaker Style Hardware: DTC 6-Way Adj.Soft-Close Hinges&amp; Drawer Slides","https://vanstro.ca/products/wall-cabinet-w2430-298/","Organization|Product","0","VanStro Global Supply","Ready-to-order cabinets, vanities and home materials across Canada.","","summary","","14","0","1","0","0"
"/products/wall-cabinet-w2436-299/","Wall Cabinet W2436 | VanStro Global Supply","Dimensions: 24&quot; W × 36&quot; H × 12&quot; D Carcass: ¾&quot; Plywood (18mm) Double-Sided Melamine Door: MDF with PVC Matte Soft-Touch Finish Shaker Style Hardware: DTC 6-Way Adj.Soft-Close Hinges&amp; Drawer Slides","https://vanstro.ca/products/wall-cabinet-w2436-299/","Organization|Product","0","VanStro Global Supply","Ready-to-order cabinets, vanities and home materials across Canada.","","summary","","14","0","1","0","0"
"/products/wall-cabinet-w2442-300/","Wall Cabinet W2442 | VanStro Global Supply","Dimensions: 24&quot; W × 42&quot; H × 12&quot; D Carcass: ¾&quot; Plywood (18mm) Double-Sided Melamine Door: MDF with PVC Matte Soft-Touch Finish Shaker Style Hardware: DTC 6-Way Adj.Soft-Close Hinges&amp; Drawer Slides","https://vanstro.ca/products/wall-cabinet-w2442-300/","Organization|Product","0","VanStro Global Supply","Ready-to-order cabinets, vanities and home materials across Canada.","","summary","","14","0","1","0","0"
"/products/wall-cabinet-w2730-301/","Wall Cabinet W2730 | VanStro Global Supply","Dimensions: 27&quot; W × 30&quot; H × 12&quot; D Carcass: ¾&quot; Plywood (18mm) Double-Sided Melamine Door: MDF with PVC Matte Soft-Touch Finish Shaker Style Hardware: DTC 6-Way Adj.Soft-Close Hinges&amp; Drawer Slides","https://vanstro.ca/products/wall-cabinet-w2730-301/","Organization|Product","0","VanStro Global Supply","Ready-to-order cabinets, vanities and home materials across Canada.","","summary","","14","0","1","0","0"
"/products/wall-cabinet-w2736-302/","Wall Cabinet W2736 | VanStro Global Supply","Dimensions: 27&quot; W × 36&quot; H × 12&quot; D Carcass: ¾&quot; Plywood (18mm) Double-Sided Melamine Door: MDF with PVC Matte Soft-Touch Finish Shaker Style Hardware: DTC 6-Way Adj.Soft-Close Hinges&amp; Drawer Slides","https://vanstro.ca/products/wall-cabinet-w2736-302/","Organization|Product","0","VanStro Global Supply","Ready-to-order cabinets, vanities and home materials across Canada.","","summary","","14","0","1","0","0"
"/products/wall-cabinet-w2742-303/","Wall Cabinet W2742 | VanStro Global Supply","Dimensions: 27&quot; W × 42&quot; H × 12&quot; D Carcass: ¾&quot; Plywood (18mm) Double-Sided Melamine Door: MDF with PVC Matte Soft-Touch Finish Shaker Style Hardware: DTC 6-Way Adj.Soft-Close Hinges&amp; Drawer Slides","https://vanstro.ca/products/wall-cabinet-w2742-303/","Organization|Product","0","VanStro Global Supply","Ready-to-order cabinets, vanities and home materials across Canada.","","summary","","14","0","1","0","0"
"/products/wall-cabinet-w3012-304/","Wall Cabinet W3012 | VanStro Global Supply","Dimensions: 30&quot; W × 12&quot; H × 12&quot; D Carcass: ¾&quot; Plywood (18mm) Double-Sided Melamine Door: MDF with PVC Matte Soft-Touch Finish Shaker Style Hardware: DTC 6-Way Adj.Soft-Close Hinges&amp; Drawer Slides","https://vanstro.ca/products/wall-cabinet-w3012-304/","Organization|Product","0","VanStro Global Supply","Ready-to-order cabinets, vanities and home materials across Canada.","","summary","","14","0","1","0","0"
"/products/wall-cabinet-w301224-305/","Wall Cabinet W301224 | VanStro Global Supply","Dimensions: 30&quot; W × 12&quot; H × 24&quot; D Carcass: ¾&quot; Plywood (18mm) Double-Sided Melamine Door: MDF with PVC Matte Soft-Touch Finish Shaker Style Hardware: DTC 6-Way Adj.Soft-Close Hinges&amp; Drawer Slides","https://vanstro.ca/products/wall-cabinet-w301224-305/","Organization|Product","0","VanStro Global Supply","Ready-to-order cabinets, vanities and home materials across Canada.","","summary","","14","0","1","0","0"
"/products/wall-cabinet-w301524-306/","Wall Cabinet W301524 | VanStro Global Supply","Dimensions: 30&quot; W × 15&quot; H × 24&quot; D Carcass: ¾&quot; Plywood (18mm) Double-Sided Melamine Door: MDF with PVC Matte Soft-Touch Finish Shaker Style Hardware: DTC 6-Way Adj.Soft-Close Hinges&amp; Drawer Slides","https://vanstro.ca/products/wall-cabinet-w301524-306/","Organization|Product","0","VanStro Global Supply","Ready-to-order cabinets, vanities and home materials across Canada.","","summary","","14","0","1","0","0"
"/products/wall-cabinet-w3018-307/","Wall Cabinet W3018 | VanStro Global Supply","Dimensions: 30&quot; W × 18&quot; H × 12&quot; D Carcass: ¾&quot; Plywood (18mm) Double-Sided Melamine Door: MDF with PVC Matte Soft-Touch Finish Shaker Style Hardware: DTC 6-Way Adj.Soft-Close Hinges&amp; Drawer Slides","https://vanstro.ca/products/wall-cabinet-w3018-307/","Organization|Product","0","VanStro Global Supply","Ready-to-order cabinets, vanities and home materials across Canada.","","summary","","14","0","1","0","0"
"/products/wall-cabinet-w301824-308/","Wall Cabinet W301824 | VanStro Global Supply","Dimensions: 30&quot; W × 18&quot; H × 24&quot; D Carcass: ¾&quot; Plywood (18mm) Double-Sided Melamine Door: MDF with PVC Matte Soft-Touch Finish Shaker Style Hardware: DTC 6-Way Adj.Soft-Close Hinges&amp; Drawer Slides","https://vanstro.ca/products/wall-cabinet-w301824-308/","Organization|Product","0","VanStro Global Supply","Ready-to-order cabinets, vanities and home materials across Canada.","","summary","","14","0","1","0","0"
"/products/wall-cabinet-w3024-309/","Wall Cabinet W3024 | VanStro Global Supply","Dimensions: 30&quot; W × 24&quot; H × 12&quot; D Carcass: ¾&quot; Plywood (18mm) Double-Sided Melamine Door: MDF with PVC Matte Soft-Touch Finish Shaker Style Hardware: DTC 6-Way Adj.Soft-Close Hinges&amp; Drawer Slides","https://vanstro.ca/products/wall-cabinet-w3024-309/","Organization|Product","0","VanStro Global Supply","Ready-to-order cabinets, vanities and home materials across Canada.","","summary","","14","0","1","0","0"
"/products/wall-cabinet-w302424-310/","Wall Cabinet W302424 | VanStro Global Supply","Dimensions: 30&quot; W × 24&quot; H × 24&quot; D Carcass: ¾&quot; Plywood (18mm) Double-Sided Melamine Door: MDF with PVC Matte Soft-Touch Finish Shaker Style Hardware: DTC 6-Way Adj.Soft-Close Hinges&amp; Drawer Slides","https://vanstro.ca/products/wall-cabinet-w302424-310/","Organization|Product","0","VanStro Global Supply","Ready-to-order cabinets, vanities and home materials across Canada.","","summary","","14","0","1","0","0"
"/products/wall-cabinet-w3030-311/","Wall Cabinet W3030 | VanStro Global Supply","Dimensions: 30&quot; W × 30&quot; H × 12&quot; D Carcass: ¾&quot; Plywood (18mm) Double-Sided Melamine Door: MDF with PVC Matte Soft-Touch Finish Shaker Style Hardware: DTC 6-Way Adj.Soft-Close Hinges&amp; Drawer Slides","https://vanstro.ca/products/wall-cabinet-w3030-311/","Organization|Product","0","VanStro Global Supply","Ready-to-order cabinets, vanities and home materials across Canada.","","summary","","14","0","1","0","0"
"/products/wall-cabinet-w3036-312/","Wall Cabinet W3036 | VanStro Global Supply","Dimensions: 30&quot; W × 36&quot; H × 12&quot; D Carcass: ¾&quot; Plywood (18mm) Double-Sided Melamine Door: MDF with PVC Matte Soft-Touch Finish Shaker Style Hardware: DTC 6-Way Adj.Soft-Close Hinges&amp; Drawer Slides","https://vanstro.ca/products/wall-cabinet-w3036-312/","Organization|Product","0","VanStro Global Supply","Ready-to-order cabinets, vanities and home materials across Canada.","","summary","","14","0","1","0","0"
"/products/wall-cabinet-w3042-313/","Wall Cabinet W3042 | VanStro Global Supply","Dimensions: 30&quot; W × 42&quot; H × 12&quot; D Carcass: ¾&quot; Plywood (18mm) Double-Sided Melamine Door: MDF with PVC Matte Soft-Touch Finish Shaker Style Hardware: DTC 6-Way Adj.Soft-Close Hinges&amp; Drawer Slides","https://vanstro.ca/products/wall-cabinet-w3042-313/","Organization|Product","0","VanStro Global Supply","Ready-to-order cabinets, vanities and home materials across Canada.","","summary","","14","0","1","0","0"
"/products/wall-cabinet-w331224-314/","Wall Cabinet W331224 | VanStro Global Supply","Dimensions: 33&quot; W × 12&quot; H × 24&quot; D Carcass: ¾&quot; Plywood (18mm) Double-Sided Melamine Door: MDF with PVC Matte Soft-Touch Finish Shaker Style Hardware: DTC 6-Way Adj.Soft-Close Hinges&amp; Drawer Slides","https://vanstro.ca/products/wall-cabinet-w331224-314/","Organization|Product","0","VanStro Global Supply","Ready-to-order cabinets, vanities and home materials across Canada.","","summary","","14","0","1","0","0"
"/products/wall-cabinet-w331524-315/","Wall Cabinet W331524 | VanStro Global Supply","Dimensions: 33&quot; W × 15&quot; H × 24&quot; D Carcass: ¾&quot; Plywood (18mm) Double-Sided Melamine Door: MDF with PVC Matte Soft-Touch Finish Shaker Style Hardware: DTC 6-Way Adj.Soft-Close Hinges&amp; Drawer Slides","https://vanstro.ca/products/wall-cabinet-w331524-315/","Organization|Product","0","VanStro Global Supply","Ready-to-order cabinets, vanities and home materials across Canada.","","summary","","14","0","1","0","0"
"/products/wall-cabinet-w331824-316/","Wall Cabinet W331824 | VanStro Global Supply","Dimensions: 33&quot; W × 18&quot; H × 24&quot; D Carcass: ¾&quot; Plywood (18mm) Double-Sided Melamine Door: MDF with PVC Matte Soft-Touch Finish Shaker Style Hardware: DTC 6-Way Adj.Soft-Close Hinges&amp; Drawer Slides","https://vanstro.ca/products/wall-cabinet-w331824-316/","Organization|Product","0","VanStro Global Supply","Ready-to-order cabinets, vanities and home materials across Canada.","","summary","","14","0","1","0","0"
"/products/wall-cabinet-w3324-317/","Wall Cabinet W3324 | VanStro Global Supply","Dimensions: 33&quot; W × 24&quot; H × 12&quot; D Carcass: ¾&quot; Plywood (18mm) Double-Sided Melamine Door: MDF with PVC Matte Soft-Touch Finish Shaker Style Hardware: DTC 6-Way Adj.Soft-Close Hinges&amp; Drawer Slides","https://vanstro.ca/products/wall-cabinet-w3324-317/","Organization|Product","0","VanStro Global Supply","Ready-to-order cabinets, vanities and home materials across Canada.","","summary","","14","0","1","0","0"
"/products/wall-cabinet-w332424-318/","Wall Cabinet W332424 | VanStro Global Supply","Dimensions: 33&quot; W × 24&quot; H × 24&quot; D Carcass: ¾&quot; Plywood (18mm) Double-Sided Melamine Door: MDF with PVC Matte Soft-Touch Finish Shaker Style Hardware: DTC 6-Way Adj.Soft-Close Hinges&amp; Drawer Slides","https://vanstro.ca/products/wall-cabinet-w332424-318/","Organization|Product","0","VanStro Global Supply","Ready-to-order cabinets, vanities and home materials across Canada.","","summary","","14","0","1","0","0"
"/products/wall-cabinet-w3330-319/","Wall Cabinet W3330 | VanStro Global Supply","Dimensions: 33&quot; W × 30&quot; H × 12&quot; D Carcass: ¾&quot; Plywood (18mm) Double-Sided Melamine Door: MDF with PVC Matte Soft-Touch Finish Shaker Style Hardware: DTC 6-Way Adj.Soft-Close Hinges&amp; Drawer Slides","https://vanstro.ca/products/wall-cabinet-w3330-319/","Organization|Product","0","VanStro Global Supply","Ready-to-order cabinets, vanities and home materials across Canada.","","summary","","14","0","1","0","0"
"/products/wall-cabinet-w3336-320/","Wall Cabinet W3336 | VanStro Global Supply","Dimensions: 33&quot; W × 36&quot; H × 12&quot; D Carcass: ¾&quot; Plywood (18mm) Double-Sided Melamine Door: MDF with PVC Matte Soft-Touch Finish Shaker Style Hardware: DTC 6-Way Adj.Soft-Close Hinges&amp; Drawer Slides","https://vanstro.ca/products/wall-cabinet-w3336-320/","Organization|Product","0","VanStro Global Supply","Ready-to-order cabinets, vanities and home materials across Canada.","","summary","","14","0","1","0","0"
"/products/wall-cabinet-w3342-321/","Wall Cabinet W3342 | VanStro Global Supply","Dimensions: 33&quot; W × 42&quot; H × 12&quot; D Carcass: ¾&quot; Plywood (18mm) Double-Sided Melamine Door: MDF with PVC Matte Soft-Touch Finish Shaker Style Hardware: DTC 6-Way Adj.Soft-Close Hinges&amp; Drawer Slides","https://vanstro.ca/products/wall-cabinet-w3342-321/","Organization|Product","0","VanStro Global Supply","Ready-to-order cabinets, vanities and home materials across Canada.","","summary","","14","0","1","0","0"
"/products/wall-cabinet-w361224-322/","Wall Cabinet W361224 | VanStro Global Supply","Dimensions: 36&quot; W × 12&quot; H × 24&quot; D Carcass: ¾&quot; Plywood (18mm) Double-Sided Melamine Door: MDF with PVC Matte Soft-Touch Finish Shaker Style Hardware: DTC 6-Way Adj.Soft-Close Hinges&amp; Drawer Slides","https://vanstro.ca/products/wall-cabinet-w361224-322/","Organization|Product","0","VanStro Global Supply","Ready-to-order cabinets, vanities and home materials across Canada.","","summary","","14","0","1","0","0"
"/products/wall-cabinet-w361524-323/","Wall Cabinet W361524 | VanStro Global Supply","Dimensions: 36&quot; W × 15&quot; H × 24&quot; D Carcass: ¾&quot; Plywood (18mm) Double-Sided Melamine Door: MDF with PVC Matte Soft-Touch Finish Shaker Style Hardware: DTC 6-Way Adj.Soft-Close Hinges&amp; Drawer Slides","https://vanstro.ca/products/wall-cabinet-w361524-323/","Organization|Product","0","VanStro Global Supply","Ready-to-order cabinets, vanities and home materials across Canada.","","summary","","14","0","1","0","0"
"/products/wall-cabinet-w361824-324/","Wall Cabinet W361824 | VanStro Global Supply","Dimensions: 36&quot; W × 18&quot; H × 24&quot; D Carcass: ¾&quot; Plywood (18mm) Double-Sided Melamine Door: MDF with PVC Matte Soft-Touch Finish Shaker Style Hardware: DTC 6-Way Adj.Soft-Close Hinges&amp; Drawer Slides","https://vanstro.ca/products/wall-cabinet-w361824-324/","Organization|Product","0","VanStro Global Supply","Ready-to-order cabinets, vanities and home materials across Canada.","","summary","","14","0","1","0","0"
"/products/wall-cabinet-w3624-325/","Wall Cabinet W3624 | VanStro Global Supply","Dimensions: 36&quot; W × 24&quot; H × 12&quot; D Carcass: ¾&quot; Plywood (18mm) Double-Sided Melamine Door: MDF with PVC Matte Soft-Touch Finish Shaker Style Hardware: DTC 6-Way Adj.Soft-Close Hinges&amp; Drawer Slides","https://vanstro.ca/products/wall-cabinet-w3624-325/","Organization|Product","0","VanStro Global Supply","Ready-to-order cabinets, vanities and home materials across Canada.","","summary","","14","0","1","0","0"
"/products/wall-cabinet-w362424-326/","Wall Cabinet W362424 | VanStro Global Supply","Dimensions: 36&quot; W × 24&quot; H × 24&quot; D Carcass: ¾&quot; Plywood (18mm) Double-Sided Melamine Door: MDF with PVC Matte Soft-Touch Finish Shaker Style Hardware: DTC 6-Way Adj.Soft-Close Hinges&amp; Drawer Slides","https://vanstro.ca/products/wall-cabinet-w362424-326/","Organization|Product","0","VanStro Global Supply","Ready-to-order cabinets, vanities and home materials across Canada.","","summary","","14","0","1","0","0"
"/products/wall-cabinet-w3630-327/","Wall Cabinet W3630 | VanStro Global Supply","Dimensions: 36&quot; W × 30&quot; H × 12&quot; D Carcass: ¾&quot; Plywood (18mm) Double-Sided Melamine Door: MDF with PVC Matte Soft-Touch Finish Shaker Style Hardware: DTC 6-Way Adj.Soft-Close Hinges&amp; Drawer Slides","https://vanstro.ca/products/wall-cabinet-w3630-327/","Organization|Product","0","VanStro Global Supply","Ready-to-order cabinets, vanities and home materials across Canada.","","summary","","14","0","1","0","0"
"/products/wall-cabinet-w3636-328/","Wall Cabinet W3636 | VanStro Global Supply","Dimensions: 36&quot; W × 36&quot; H × 12&quot; D Carcass: ¾&quot; Plywood (18mm) Double-Sided Melamine Door: MDF with PVC Matte Soft-Touch Finish Shaker Style Hardware: DTC 6-Way Adj.Soft-Close Hinges&amp; Drawer Slides","https://vanstro.ca/products/wall-cabinet-w3636-328/","Organization|Product","0","VanStro Global Supply","Ready-to-order cabinets, vanities and home materials across Canada.","","summary","","14","0","1","0","0"
"/products/wall-cabinet-w3642-329/","Wall Cabinet W3642 | VanStro Global Supply","Dimensions: 36&quot; W × 42&quot; H × 12&quot; D Carcass: ¾&quot; Plywood (18mm) Double-Sided Melamine Door: MDF with PVC Matte Soft-Touch Finish Shaker Style Hardware: DTC 6-Way Adj.Soft-Close Hinges&amp; Drawer Slides","https://vanstro.ca/products/wall-cabinet-w3642-329/","Organization|Product","0","VanStro Global Supply","Ready-to-order cabinets, vanities and home materials across Canada.","","summary","","14","0","1","0","0"
"/products/wall-cabinet-w3930-330/","Wall Cabinet W3930 | VanStro Global Supply","Dimensions: 39&quot; W × 30&quot; H × 12&quot; D Carcass: ¾&quot; Plywood (18mm) Double-Sided Melamine Door: MDF with PVC Matte Soft-Touch Finish Shaker Style Hardware: DTC 6-Way Adj.Soft-Close Hinges&amp; Drawer Slides","https://vanstro.ca/products/wall-cabinet-w3930-330/","Organization|Product","0","VanStro Global Supply","Ready-to-order cabinets, vanities and home materials across Canada.","","summary","","14","0","1","0","0"
"/products/wall-end-panel-wep1230-377/","Wall End Panel WEP1230 | VanStro Global Supply","Dimensions: 12¾&quot;W × 30&quot; H × ¾&quot;D MDF / Plywood Thermofoil Finish MDF Matte Soft-Touch","https://vanstro.ca/products/wall-end-panel-wep1230-377/","Organization|Product","0","VanStro Global Supply","Ready-to-order cabinets, vanities and home materials across Canada.","","summary","","10","0","0","0","0"
"/products/wall-end-panel-wep1236-378/","Wall End Panel WEP1236 | VanStro Global Supply","Dimensions: 12¾&quot;W × 36&quot; H × ¾&quot;D MDF / Plywood Thermofoil Finish MDF Matte Soft-Touch","https://vanstro.ca/products/wall-end-panel-wep1236-378/","Organization|Product","0","VanStro Global Supply","Ready-to-order cabinets, vanities and home materials across Canada.","","summary","","9","0","0","0","0"
"/products/wall-end-panel-wep1242-379/","Wall End Panel WEP1242 | VanStro Global Supply","Dimensions: 12¾&quot;W × 42&quot; H × ¾&quot;D MDF / Plywood Thermofoil Finish MDF Matte Soft-Touch","https://vanstro.ca/products/wall-end-panel-wep1242-379/","Organization|Product","0","VanStro Global Supply","Ready-to-order cabinets, vanities and home materials across Canada.","","summary","","10","0","0","0","0"
"/return-policy/","Return Policy | VanStro Global Supply","Return Policy content from the VanStro legacy site.","https://vanstro.ca/","Organization","0","VanStro Global Supply","Ready-to-order cabinets, vanities and home materials across Canada.","","summary","","4","0","0","0","0"
"/terms-and-conditions/","Terms and Conditions | VanStro Global Supply","Terms and Conditions content from the VanStro legacy site.","https://vanstro.ca/","Organization","0","VanStro Global Supply","Ready-to-order cabinets, vanities and home materials across Canada.","","summary","","4","0","0","0","0"
"/v1-1/","VanStro Homepage 1.1 | VanStro Global Supply","A version 1.1 storefront concept for VanStro with commerce navigation, stock lookup and product merchandising.","https://vanstro.ca/","Organization","0","VanStro Global Supply","Ready-to-order cabinets, vanities and home materials across Canada.","","summary","","23","0","1","0","0"
"/zh/about/","关于 VanStro | VanStro Global Supply","了解 VanStro Global Supply Inc.，一家总部位于加拿大曼尼托巴省温尼伯的建材供应与分销平台。","https://vanstro.ca/zh/about/","Organization","0","VanStro Global Supply","Ready-to-order cabinets, vanities and home materials across Canada.","","summary","","4","0","0","0","0"
"/zh/contact/","联系我们 | VanStro Global Supply","联系 VanStro，咨询产品、订单、经销商履约和项目支持。","https://vanstro.ca/zh/contact/","Organization","0","VanStro Global Supply","Ready-to-order cabinets, vanities and home materials across Canada.","","summary","","4","0","0","0","0"
"/zh/dealer-program/","经销商计划 | VanStro Global Supply","了解 VanStro 经销商计划，包括平台责任、经销商责任、申请审核、运营边界和相关政策要求。","https://vanstro.ca/zh/dealer-program/","Organization","0","VanStro Global Supply","Ready-to-order cabinets, vanities and home materials across Canada.","","summary","","4","0","0","0","0"
"/zh/dealers/apply/","经销商申请 | VanStro Global Supply","申请成为 VanStro 经销商伙伴，提交公司资料、服务区域、运营能力和本地支持覆盖信息供审核。","https://vanstro.ca/zh/dealers/apply/","Organization","0","VanStro Global Supply","Ready-to-order cabinets, vanities and home materials across Canada.","","summary","","4","0","0","0","0"
